"Title","WorkoutType","WorkoutDescription","PlannedDuration","PlannedDistanceInMeters","WorkoutDay","CoachComments","DistanceInMeters","PowerAverage","PowerMax","Energy","AthleteComments","TimeTotalInHours","VelocityAverage","VelocityMax","CadenceAverage","CadenceMax","HeartRateAverage","HeartRateMax","TorqueAverage","TorqueMax","IF","TSS","HRZone1Minutes","HRZone2Minutes","HRZone3Minutes","HRZone4Minutes","HRZone5Minutes","HRZone6Minutes","HRZone7Minutes","HRZone8Minutes","HRZone9Minutes","HRZone10Minutes","PWRZone1Minutes","PWRZone2Minutes","PWRZone3Minutes","PWRZone4Minutes","PWRZone5Minutes","PWRZone6Minutes","PWRZone7Minutes","PWRZone8Minutes","PWRZone9Minutes","PWRZone10Minutes","Rpe","Feeling"
"Tecnica natación -> TEST","Swim","200 S 150 K 100 P Ejercicios grabar: * Grabar ejercicios frontal y lateralmente a poder ser desde fuera y dentro del agua. * Descansos entre series son completos (tanto como necesites para máxima calidad). 2 x 50m K w/KB 2 x 50m FS w/S 2 x 50m FS w/PB 2 x 50m FS ¿Sabes realizar virajes? Si es un sí, graba un viraje lateral para ver entrada, salida y subacuático. 200 CH","","1050","2025-04-01","","600","","",""," *04/01/2025 David Sabat: Ahora adjunto los vídeos. 250m de kickboard que no se han grabado en el garmin. No he hecho los 200 de cool down. Se han enfadado en la piscina por grabar ahora adjunto los vídeos! Mañana después del correr vendré a estirar 1000m me he ido con mala sensaciones después de la disputa que he tenido por grabar…*","0.203595279057821","0.81190798376184","","25","","89","121","","","0.736755786745921","8.14","12","0","0","0","0","0","0","","","","","","","","","","","","","","2","5"
"FUERZA","Strength","KISS (Keep it super simple) :D BOX SQUAT: 3 x 10-15r lightweight PUSH UPS: 3 x 10-15r SUBIDA A CAJÓN: 3 x 10-15 PULL UPS/LAT PULL DOWN: 3 x 10-15 CORE: 10-15min","0.666666666666667","","2025-04-01","Vamos a llevar a cabo un approach más sencillo si cabe con la fuerza, más en línea con mi forma de entender la fuerza.","0","","",""," *04/01/2025 David Sabat: 💪👍🏽 CORE: Circuito 3x -Kettlebell -Crunch -Plancha -Kettlebell R + 3x oblicuos*","0.692640244960785","0","","","","82","126","","","0.553180550884561","23.27","42","0","0","0","0","0","0","","","","","","","","","","","","","","3","5"
"1h D1","Run","Sin pasar de 5:20/km","1","11067","2025-04-02","","11214.2900390625","311","465","1122.462"," *04/02/2025 David Sabat: Isquio algo cargado. Al principio he empezado con algo de desnivel por orografía del terreno. Buen entreno, nada que comentar👍🏽*","1.001873254776","3.10899996757507","","160","","148","167","","","1.29785003966853","167.58","4","32","4","20","0","0","0","","","","0","0","0","1","28","31","","","","","3",""
"Lap Swimming","Swim","","","","2025-04-02","","1200","","",""," *04/02/2025 David Sabat: Entreno hecho tras ayer no poder completar lo pedido porque nos tiraron fuera de la piscina por grabar 🥲 -1000wu, ritmo muy tranquilo estirando y intentando mejorar entrada mano izquierda (un punto bastante débil que noto que tengo de entre tantos) -4x50m (Snorkel, Aletas, Pull, Aletas) -Con el snorkel noto que el rolido lo exagero demasiado e intento concentrarme en apretar abdominal y no mover mucho caderas además muevo inconscientemente la cabeza, la entrada de la mano izquierda va mejorando!) -Aletas respirando por lado malo (izquierdo). Mejorando respecto a nadar con pull ya que puedo concentrarme mejor en el guiado de la mano hacia un punto más central y no me desvío del eje longitudinal del cuerpo. -Pull respirando por lado malo (izquierdo) Noto que a la que me desconcentro de la técnica el brazo izquierdo en la entrada del agua lo desvío de la línea de mi cuero lo que me hace desestabilizarme por completo y irme en dirección no deseada. Piernas las sigo abriendo pero intento concentrarme en estirar más, apretar abdominal y controlar el rolido para no desestabilizarme. Ya que creo que la consecuencia de abrir piernas es la desestabilización consecuente de estirar de no manera correcta, de tener los hombros en tensión y no dejarlos fluir (nadar con hombros algo más) y de mover las caderas que viene a consecuencia yo creo de no apretar lo suficiente el abdominal. quizás la cabeza también tenga un papel importante en esto. seguimos con ello! Nacho si necesitas más vídeos házmelo saber, porque ayer intenté hacer lo que pude… Pero ya sabes cómo son los gimnasios y cuando alguien te dice que no hagas algo y le debates acabas perdiendo 😂💪*","0.423706945843167","0.785854616895874","","25","","122","143","","","0.70803654021533","15.04","25","1","0","0","0","0","0","","","","","","","","","","","","","","2","5"
"8 x 50m TEST (Glyc.Cap)","Swim","200 S 150 K 100 P 8 x 50 FS D: 1' Comentarios: Tan rápido como puedas, necesito que me des tiempos de cada 50m, si puedes que alguien los tome mejor, así tenemos tiempos a la décima de segundo. 4 x 100 D: 30'' Impar: FS/P Par: BA 200 CH","","1450","2025-04-03","","1200","","",""," *04/03/2025 David Sabat: Condenado a la técnica (Así llamaré a mi entreno) -No creo que haga falta más explicación la técnica me tiene condenado a la muerte, por mucho esfuerzo que haga y fuerza que aplique al aplicarla de manera incorrecta no mejora en absoluto la relación fatiga vs fuerza. Sin duda algo triste pero contento al ver que hay mucho margen de mejora y con Nacho haremos buen trabajo. Ultimas 2 series mejora han costado ya que veía como mi energía se agotaba y el ácido se empezaba a acomular en mi dorsal. A seguir dándole y mejorar técnica.* *04/03/2025 David Sabat: Al llegar a casa adjunto tiempos reales no los del garmin.*","0.401309446228875","0.825309491059147","","25","","123","152","","","0.747552799514477","16.77","21","3","0","0","0","0","0","","","","","","","","","","","","","","4",""
"30-40' AR + 4 x progresivos","Run","","0.705555555555556","","2025-04-03","","7583.5400390625","297","485","752.856"," *04/03/2025 David Sabat: buen entreno después de nadar modo transición el calentamiento sí que notado fatigado en el isquio y en el cuádriceps pero creo que es de la carga que llevamos semanalmente y además que el domingo hice una media maratón de montaña y voy algo fatigado. durante las series me he sentido bien lo que la primera ha sido un poco catástrofe, ya que nunca había usado el auto lap y 20 segundos es un poco complicado regular el ritmo. La próxima vez mejoraré, empezaré quizás tres segundos antes para poder cuadrar el ritmo bien. tema ritmos bajos y consumo comentar*","0.704123079776764","2.99200010299683","","160","","151","183","","","1.23981565239542","107.13","3","19","7","10","1","2","1","","","","0","0","0","6","17","19","","","","","4","5"
"1km variado","Swim","5x200m D: 30-45'' 1. FS 2. 50 FS + 50 K manos flecha 3. 2x50 BA + 50 BR 4. HP + PB 5. FS Respirando c/2,4,6,2 brazadas (cambio cada 50m)","","1000","2025-04-04","","1000","","",""," *04/04/2025 David Sabat: Gracias Nacho por hacer la natación que se me pase volando, me encanta ir variando de ritmos, ejercicios, accesorios, estilos. Me noto mejorando y además tengo ganas de ir a nadar 💪🤣!!! Seguir mejorando todo lo mencionado estos días. Añado que cuando respiro por el lado izquierdo la mano derecha empiezo la remada subacuática mucho antes haciendo en parte que pierda estabilización y necesite ayuda de los pies para compensar.*","0.337813611560398","0.815660685154976","","24","","117","152","","","0.740053069043674","13.69","19","2","0","0","0","0","0","","","","","","","","","","","","","","4","5"
"4 x 6' LT1","Run","","0.944444444444444","","2025-04-04","","10032.26953125","278","478","944.554"," *04/04/2025 David Sabat: Bien. Me he liado un poco con el auto-lap, pero ya lo he entendido. 😊*","0.944682478904724","2.95000004768372","","150","","148","173","","","1.23872174076381","143.61","9","18","15","13","1","0","0","","","","6","0","0","3","18","28","","","","","3","5"
"Aerobic.profile EVAL","Bike","Calentamiento en ligera progresión TEST 4min: Esfuerzo máximo, intentar mantener ritmo constante, sin reventar. 90-110rpm TEST 20min: Mantener ritmo constante. 90-110rpm.","1.28333333333333","","2025-04-05","","33028.328125","178","634","823.502"," *04/05/2025 David Sabat: PESO PRE TEST 63.1KG Sensación; Voy algo cargado y me marca bajo en forma el training peaks aun así voy a cargar ahora carbos y saldré!!!* *04/05/2025 David Sabat: Verás Nacho que el lap que tú programaste no es el del ftp, ya que justo cuando me iba a saltar he tenido que parar entrneno porque venía bajada y no quería empezar el test en bajada y perdiendo wattios. Contento, creo que he perdido wattios por tener que frenar en alguna curva y por alguna bajada*","1.28386747837067","7.14599990844727","","81","","142","177","","","0.872936586776704","97.16","38","10","3","5","16","5","0","","","","24","19","9","13","8","5","","","","","5","5"
"3h AR","Bike","100-125bpm","3","","2025-04-06","","90010.5703125","154","569","1940.422","","3.49534344673157","7.15299987792969","","84","","142","172","","","0.718548370393938","178.88","68","80","31","30","0","0","0","","","","63","78","45","18","4","2","","","","","2","5"
"MOVILIDAD 2x semana cadera/hombro","Other","Hombro: https://www.youtube.com/watch?v=R0J_aPs-Jgo&pp=ygUddG9tIG1lcnJpY2sgc2hvdWxkZXIgbW9iaWxpdHnSBwkJfgkBhyohjO8%3D Cadera: https://www.youtube.com/watch?v=KfElAgr72Vo","","","2025-04-07","Sin forzar pero con consistencia irás notando muchos cambios","","","",""," *04/08/2025 David Sabat: Cadera realizada! 8/4/25: Dos ejercicios que no puedo hacer bien el de estirarme con posición de pierna sobre suelo y el último del vídeo*","","","","","","","","","","","","","","","","","","","","","","","","","","","","","","","","",""
"Lap Swimming","Swim","Warm up: 100 nadar + 100 pies AL + 100 (50 espalda + 25 braza + 25 espalda) 8 x 50 pies ALETAS D: 30'' 8 x 50 técnica rolido (alternar cada dos series entre los dos primeros ejercicios del vídeo, primer ejercicio comienza en 1:19) 4 x 25 SPRINT D: 45'' 200 suavizar (50 espalda + 50 PB crol)","","1400","2025-04-07","Técnica de rolido: https://www.youtube.com/watch?v=n9DftarteSQ&t=22s","1125","","",""," *04/07/2025 David Sabat: warm up me quería ir de la piscina 🥲😂 llevaba 12h fuera de casa en cursos y lo último que quería era picar de pies!! pero posterior bien, cogiendo ritmo. Ejercicio de virar los hombros con manos pegados al pecho bien, lo único que en el lado izquierdo tengo que concentrarme para no mover la cadera. Ejercicio de patada lateral con aletas mientras nado aguantando brazo pegado al cuerpo bien, a veces me hundo un poco y tengo que corregir. Los “””sprints”””” por alguna manera llamarlo me he centrado en mantener el picar de pies aunque no me haya hecho ir más rápido para coger un poco la sensación*","0.379305278460185","0.816993464052288","","22","","103","144","","","0.741487176613395","15.46","22","1","0","0","0","0","0","","","","","","","","","","","","","","3","7"
"4 x 6' LT1","Run","","0.944444444444444","","2025-04-08","","9894.2197265625","279","473","948.596"," *04/08/2025 David Sabat: Con pulsometro funcionando no como el 4 x LT1 de la semana anterior. No he notado ese “mareo” de forma tan notoria yendo a 05:00 creo que tambien es de la forma de cargar los carbos antes del entreno. Me ha ido bien hacer movilidad de cadera antes me he visto que la técnica era algo mejor que la que usual tengo.*","0.94458943605423","2.91000008583069","","154","","147","171","","","1.24734948828222","145.52","14","12","8","22","2","0","0","","","","8","1","0","2","15","31","","","","","2","5"
"Glyc.profile EVAL","Bike","Calentamiento en ligera progresión 2 x 5'' Sprint calentamiento Sprint 6'' AL MÁXIMO: Alta resistencia; comenzar desde muy baja velocidad usar los mejores 1 y 5 segundos para el Perfil Potencia-Velocidad. Sprint: 30'': Comenzar desde casi parado; RPM no mayor a 140. Sprint 1min: Comenzar desde casi parado; RPM no mayor a 140.","1.02944444444444","","2025-04-09","Durante la bici asegúrate de meter suficientes carbohidratos (60-80g/h)","23594.33984375","135","693","518.392","","1.06456995010376","6.1560001373291","","72","","120","167","","","0.851881301174177","76.82","55","5","1","3","0","0","0","","","","34","21","5","0","0","3","","","","","4","7"
"","Run","","","","2025-04-09","","1097.2099609375","295","506","100.833"," *04/09/2025 David Sabat: Primera serie* *04/09/2025 David Sabat: !!! HAY OTRO ENTRENO CON LAS RESTANTES!*","0.0945891663432121","3.22199988365173","","155","","130","155","","","1.4246107072783","17.83","4","0","2","0","0","0","0","","","","1","0","0","0","0","4","","","","","4",""
"T2: 8 x 1km LT2","Run","8 x 1km 4:35-4:45/km + 75s descanso entre series","0.75","","2025-04-09","Meter gel de 25-30g de hidratos en la tercera serie.","7628.27978515625","296","466","704.739"," *04/09/2025 David Sabat: Falta una serie que la he hecho pero al acabarla me he dado cuenta que me faltaban pantallas de datos en el garmin para cuadrar bien la serie. Paro 90” a configurarlo y sigo en esta. Buen ritmo sintiéndome súper cómodo la verdad!*","0.662015557289124","3.20099997520447","","155","","158","174","","","1.36331613823235","121.66","5","3","2","15","13","1","0","","","","7","0","0","0","1","31","","","","","4","3"
"6 x 100 + 6 x 50 LT2","Swim","200m Peus aletes bilaterals 300 SNK + Aletas máx long. braçada 8x50m Tecnica D.10"" ALTERNAR EJERCICIOS DE ROLIDO 1-2 DEL VIDEO 6 x 100 D: 15'' 2:00/100m 6 x 50 D: 15'' 1:55/100m 4 x 50 pies ALETAS rápido D:20'' 4 x 25 pies rápido D:20 100s","","2200","2025-04-10","","2025","","",""," *04/10/2025 David Sabat: Bien! -Peus + Aletes me siento bien. -Técnica cuando viro el brazo izquierdo noto que se me va la cadera para abajo. -Series (He intentado mantener pies con tobillos libres y intentar romper el agua, bien pero pierdo la tecnica cuando pasan los metros) además me han salido ritmos penosos. Me siento raro en el agua (sentirse raro creo que es positivo ya que implica que algo ha cambiado)*","0.770814165729615","0.727109515260323","","23","","110","143","","","0.656773088129236","21.84","45","2","0","0","0","0","0","","","","","","","","","","","","","","4","5"
"2h endurance","Bike","120-135ppm","2","","2025-04-10","","37274.640625","138","471","826.514","","1.66813743114471","6.20699977874756","","77","","125","162","","","0.636016730184489","67.47","81","17","1","1","0","0","0","","","","44","21","14","17","2","1","1","","","","","5"
"15' LT1 + 5 x 6' LT2","Bike","30' warm up easy + 3 x 1min 220-230w + 1min easy + 3 x 30'' (20'' 250w sentado + 10'' arrancada SUBMAX) 5-10' suave 15' LT1 (180-190w) pulso debe mantenerse estable durante la serie. Chequea a partir del minuto 3-4 que no hay drift cardíaco, ello nos indica que estamos en zona adecuada. 5' suave 5 x 6' 210-220w + 1min suave Terminar las 2h-2h30 fácil","2.25","","2025-04-11","","42847.078125","164","486","1092.508","","1.8551436662674","6.41599988937378","","78","","134","167","","","0.764744468160949","108.06","56","35","16","5","0","0","0","","","","32","18","13","29","14","4","2","","","","4","5"
"T2: 40' AR","Run","Post bike 30-40' sin pasar de 5:20/km","0.583333333333333","","2025-04-11","","5618.81982421875","302","404","546.451","","0.502934157848358","3.1029999256134","","159","","147","163","","","1.25683342316286","78.09","3","14","7","6","0","0","0","","","","0","0","0","0","1","9","19","","","","3","5"
"Lap Swimming","Swim","Warm up: 100 nadar + 100 pies AL + 100 (50 espalda + 25 braza + 25 espalda) 8 x 50 pies ALETAS D: 30'' 8 x 50 técnica rolido (alternar cada dos series entre los dos primeros ejercicios del vídeo, primer ejercicio comienza en 1:19) 4 x 25 SPRINT D: 45'' 200 suavizar (50 espalda + 50 PB crol)","","1400","2025-04-12","Técnica de rolido: https://www.youtube.com/watch?v=n9DftarteSQ&t=22s","1325","","","","","0.559811944431729","0.655616031667491","","25","","104","136","","","0.591716563561814","11.6","34","0","0","0","0","0","0","","","","","","","","","","","","","","",""
"30' rodaje + 4 x 15'' progresivos","Run","30' muy suave 5:30-6:00/km + 4 x 15'' rectas progresivas + 1min andando de descanso","0.583333333333333","","2025-04-12","","5556.68017578125","277","585","516.421","","0.516673624515533","2.98699998855591","","160","","137","158","","","1.1684509860705","69.46","11","18","2","0","0","0","0","","","","0","0","0","0","7","16","7","","","","2","5"
"Mountaineering","Other","","","","2025-04-12","","6903.43017578125","","","","","1.66296088695526","1.15299999713898","","93","","93","129","","","0.559398660167563","58.38","100","0","0","0","0","0","0","","","","","","","","","","","","","","3","7"
"Test lactato","Run","","1.5","","2025-04-13","","7977.2900390625","253","520","755.855","","0.82955139875412","2.6710000038147","","126","","142","192","","","1.32933829435422","145.19","16","11","4","9","2","3","4","","","","13","0","0","0","0","1","23","","","","5","5"
"Running","Run","","","","2025-04-13","","1089.69995117188","301","333","103.814","","0.0954055562615395","3.17300009727478","","161","","145","154","","","1.25699442871365","13.8","1","3","2","0","0","0","0","","","","0","0","0","0","0","0","6","","","","",""
"2h LT0","Bike","Muy suave, salida de recuperación. Ppm por debajo de 120. Importante comer lo suficiente durante el día para recuperar del fin de semana y afrontar el doble día de entreno tan duro.","2","","2025-04-14","","39442.078125","116","741","861.766"," *04/14/2025 David Sabat: Buen entreno Z1 con Andrea. Bajas pulsaciones pero me he sentido algo débil por fatiga!*","2.06812524795532","5.2979998588562","","69","","120","155","","","0.595179275867613","73.28","124","0","0","0","0","0","","","","","67","23","15","13","4","1","1","","","","2","5"
"MOVILIDAD 2x semana cadera/hombro","Other","Hombro: https://www.youtube.com/watch?v=R0J_aPs-Jgo&pp=ygUddG9tIG1lcnJpY2sgc2hvdWxkZXIgbW9iaWxpdHnSBwkJfgkBhyohjO8%3D Cadera: https://www.youtube.com/watch?v=KfElAgr72Vo","","","2025-04-14","Sin forzar pero con consistencia irás notando muchos cambios","","","","","","","","","","","","","","","","","","","","","","","","","","","","","","","","","","","","","",""
"Lap Swimming","Swim","","","","2025-04-14","","450","","",""," *04/14/2025 David Sabat: Estirando para mañana los 1900. Mirar ejercicios coordinativos de pie contrario a brazada*","0.182559166484409","0.680786686838124","","23","","95","124","","","0.616238571672093","4.27","11","0","0","0","0","0","","","","","","","","","","","","","","","2","5"
"1,9km","Swim","1900m continuo, ritmo half ironman. NUTRICIÓN: Desayuno meter 2g hidratos de carbono por kg de peso. Justo antes de comenzar a nadar isogel de SiS o cualquier gel 2:1 con 25-30g de hidratos de carbono.","","1900","2025-04-15","","1900","","",""," *04/15/2025 David Sabat: Comentarios David: -GEL 2:1 antes de entrar en el agua -Tiempo tomado en su totalidad transcurrido NO en movimiento, por lo habría que restar a mi parecer esos 2 segundos que se pierden por piscina (6/7s x 100m). -NO me he propulsado con la pared para hacer del tiempo algo mas fiable para el IM y tambien porque no me quería cargar el gemelo ya que la ultima vez en test se me subio por empujarme. -Al principio muy bien concentrandome en la técnica (ALGO QUE ME AYUDA --> escuchar el sonido de como entra el brazo ese ""puff"" que hace, me ayuda a desconectar, entrar en auto-pilot y centrarme en deslizar en el agua. -Durante la mitad de entrenamiento se me ha ido la cabeza y durante 600m he metido mala técnica hasta que me he dado cuenta y he corregido. Para el 70.3, estar bien concentrado en la técnica.* *04/15/2025 David Sabat: Analizar este entreno con Nacho para detectar debilidades y mejoras para pulir esta última semana. Hay mucho que pulir, pero intentar buscar las 4 cosas que me hagan bajar un poco mas el ritmo para el 70.3*","0.700556946860419","0.753370340999207","","25","","137","155","","","0.678031960326332","21.84","39","4","0","0","0","0","","","","","","","","","","","","","","","","5"
"3 x 30' LT2 (half pace)","Bike","Máximo 15min cambiarse 10min calentamiento sobre la bici 120-140w 3 x 30' en progresión cada serie (190-195-200w) + 3min 100-150w entre series TIP 1: Trata de ir perfectamente acoplado sobre la bici, que la relación w/velocidad sea la mejor posible. TIP 2: 90g carbs por hora 2:1; 1:0.8 proporción glucosa:fructosa Completar 2h","2.06666666666667","","2025-04-15","POST SESIÓN: Maximiza la recuperación, proteína 30g tan pronto como puedas y comida rica en hidratos de carbono dentro del post 1h-2h al terminar sesion.","66104.6171875","178","576","1418.642"," *04/15/2025 David Sabat: -T1: -Nutrición bien, he cargado 206gr CH en total con la natación, 1x2:1 y 2x:1:0.8 + Bidón 320. Quizás me hubiera hecho falta otro gel para cumplir el ratio de 90/95gr CH/H: -Warm up han sido mas de 15' debido a que era todo desnivel negativo desde que he salido, total del wu = 30', donde despues he empezado las series. -SERIE 1: Rodando 190-200w por llano, muy bien, comodo. HABLAR SOBRE LA POSICIÓN SOBRE LA BICI AERODINAMICA!. Carga en el isquio derecho, para descargar 10/20s de pie y luego volver, me ha ido bien. -SERIE 2: Lo mismo, lo que esta vez me he picado con un ciclista que iba en electrica y me he subido algo de W durante unos minutos. Isquio mismas sensaciones. Misma sensación corporal aereo, no encuentro como ir. -SERIE 3: Vuelta al coche con algo de desnivel, manteniendo buenos watts, esta vez con alguna subida y sin molestia en el isquio. isquio se carga en plano cuando hay una cadencia y unos wattios muy constantes. Trás el entreno buena carga de CH. Mañana más. Me ha gustado en general. Como ya sabemos aspecto donde voy mal la natación, pero bueno, si saco tiempo parecido en Valencia estoy contento porque ire con el peloton (Me reconforta saber que la mayoriía es malo en el agua, pero hay que seguir a mejorar esas marcas!!!). Bicicleta con desnivel de Valencia en menos km y media de 30kmh, espero que salga algo mejor en VLC. Gracias Nacho!*","2.21665525436401","8.28400039672852","","85","","143","160","","","0.784362407034333","136.15","112","26","2","0","0","0","","","","","17","15","22","60","14","3","1","","","","4","5"
"4 x 20' LT2 (half pace)","Bike","10min calentamiento sobre la bici 120-140w 4 x 20' en progresión cada serie (190-195-200-205w) + 3min 100-150w entre series TIP 1: Trata de ir perfectamente acoplado sobre la bici, que la relación w/velocidad sea la mejor posible. TIP 2: 90g carbs por hora 2:1; 1:0.8 proporción glucosa:fructosa Acuérdate: Drink MIX 320 en un bidón, eso son 80 de carbs + 5 iso geles de SiS repartidos durante las 2h son 110g más, eso ya son 190g -> 95g/h, gas! Completar 2h","1.95","","2025-04-16","","44810.890625","187","383","1154.764","","1.71919059753418","7.23999977111816","","82","","144","162","","","0.813801630841521","113.68","64","41","6","0","0","0","","","","","12","8","13","45","20","4","1","","","","",""
"T2: 4 x 3km LT1","Run","T2: 4 x 3km 4:45-4:55/km D: 500m a 5:45-6:00/km NUTRICIÓN: Durante la carrera a pie meter mínimo 60g de hidratos (opciones pueden ser 3 iso-geles de SiS o bien llevarte en un flask un Maurten drink mix 160 (40g carbs + 1-2 iso geles)","1.15888888888889","","2025-04-16","POST SESIÓN: Maximiza la recuperación, proteína 30g tan pronto como puedas y comida rica en hidratos de carbono dentro del post 1h-2h al terminar sesion.","13506.6201171875","332","448","1294.519","","1.08148276805878","3.46900010108948","","165","","157","170","","","1.38222040990701","205.14","8","28","18","18","0","0","","","","","0","0","0","0","0","4","52","","","","3","3"
"JUE/VIE: 1h30 LT0","Bike","Ultra suave, con Andrea","1.5","","2025-04-17","","44309.55859375","93","346","918.669"," *04/17/2025 David Sabat: Pensaba que 44km iban a salir mas rapido, pero Andrea no estaba en su pico de forma ffísica... Nos hemos alargado algo 93W de media creo que han sido.*","2.7619936466217","4.45599985122681","","60","","109","146","","","0.514663512056871","72.91","166","0","0","0","0","0","","","","","117","22","12","12","3","0","0","","","","1","5"
"JUE/VIE: 1h D1","Walk","Excursión, día de descanso activo.","2","12000","2025-04-18","","","","","","","","","","","","","","","","","","","","","","","","","","","","","","","","","","","","","","",""
"Padel Racket","Other","","","","2025-04-18","","1140.67004394531","","","","","1.30816316604614","0.241999998688698","","4","","72","125","","","0.521923691835904","39.74","78","0","0","0","0","0","","","","","","","","","","","","","","","",""
"Road Cycling","Bike","","","","2025-04-18","","30925.560546875","111","433","662.075","","1.66671812534332","5.15399980545044","","67","","117","153","","","0.542537317531212","48.88","100","0","0","0","0","0","","","","","57","26","10","5","1","0","0","","","","1","5"
"2,2km TEC+V","Swim","3x(100 crol + 50 esquena + 50 peus sense fusta) 2x200m SNK+Aletes focus braçada perfecte + máxima longitud = mínimes braçades possibles c/25m 4x50m 90% D.10"" tranferencia amb bona técnica 4x100m SNK+Aletes focus braçada perfecte + máxima longitud = mínimes braçades possibles c/25m 4x25m 95% D.10"" tranferencia amb bona técnica 200m peus aletes bilaterals amb aletes 100m máxima longitud braçada 4x25m Apnea amb aletes D.20"" 100m suaus","","2200","2025-04-19","Movilitat articular + gomes, acuérdate del timing en el batido de pies cuando hagas las transferencias.","2075","","","","","0.568090276809202","1.00777076250607","","22","","113","155","","","0.913147119703699","43.26","34","1","0","0","0","0","","","","","","","","","","","","","","","",""
"4 x 8' LT1","Run","","1.07777777777778","","2025-04-20","","9336.7099609375","284","534","874.452","","0.855812788009644","3.02999997138977","","156","","148","174","","","1.29818553568446","142.67","23","10","6","15","1","0","","","","","8","0","0","0","1","4","31","","","","2","7"
"Road Cycling","Bike","","","","2025-04-20","","21852.830078125","111","556","464.257","","1.16282045841217","5.21999979019165","","67","","114","145","","","0.531727756815314","32.59","70","0","0","0","0","0","","","","","40","19","6","3","0","0","0","","","","",""
"3 x 12' LT1","Bike","3 x 12' LT1 (165-175w)","1.5","","2025-04-21","","30578.16015625","165","390","705.088"," *04/21/2025 David Sabat: Molestia en el isquio que tras bajar de la bici desparece.* *04/21/2025 David Sabat: Bajar y adelantar sillín? o demasiado arriesgado pre-ironman???*","1.18561863899231","7.16400003433228","","77","","140","170","","","0.744770260103986","65.32","60","5","4","5","0","0","","","","","15","14","14","18","7","2","1","","","","3","5"
"Técnica: coordinación cruzada","Swim","200 variado 16 x 50m (coordinación cruzada) AL en un pie, pala en brazo contrario Link explicación: https://www.youtube.com/watch?v=iiakvOnnofo Descanso completo entre series, foco técnico. Realizar 4 con cada brazo-pierna y cambiar 8 x 50 nado crol sin material buscando trabajar la coordinación cruzada aprendida D: 30''","","1400","2025-04-21","","1025","","",""," *04/21/2025 David Sabat: Me ha gustado bastante el ejercicio de coordinación, es uno de los ejercicios donde más noto la sensibilidad y punto de mejora dentro del agua*","0.33461361196306","0.845012366034625","","24","","99","134","","","0.765808654635033","15.03","20","0","0","0","0","0","","","","","","","","","","","","","","","4","5"
"1,5km variado","Swim","3x 150 variats D.20"" 100 peus (25 suau + 25 a tope + 50 suau) D.10"" 50 mínimes respiracions possibles D.30"" 10x50 PB (pullboy)+ PG (palas grandes) D.10"" 100 suaus","","1500","2025-04-22","","1400","","",""," *04/22/2025 David Sabat: He hecho una pequeña modificación y añadido ejercicio de coordinación, palas y aletas. La verdad que me veo mejorando en este ejercicio y eso que lo empezamos ayer. Lo que noto que no encuentro un tiempo correcto de patada noto que hago una muy fuerte pero no mantengo un ritmo constante de pies.*","0.508096667395698","0.760456273764259","","24","","112","138","","","0.688845297478453","16.61","31","0","0","0","0","0","","","","","","","","","","","","","","","3","5"
"6 x 1km LT2","Run","6 x 1km @4:30-4:40/km, las series siempre en progresión sin pasarse del ritmo estipulado.","1.03444444444444","","2025-04-23","","11208.0400390625","277","525","1036.697","","1.03804218769073","2.99900007247925","","152","","151","176","","","1.27936977329944","168.65","27","11","3","21","5","0","","","","","11","0","0","0","0","9","34","","","","3","5"
"6 x 6' LT1 -> LT2","Bike","6 x 6' LT1 -> LT2 (170 -> 215w)","1.55","","2025-04-24","Sesión principal del día","39541.73828125","150","546","897.976"," *04/24/2025 David Sabat: Cuesta wattios en plano (nose si es por la potencia en 3s o que…) no daño de isquio antes de salir he hecho movilidad solo de cadera*","1.66471827030182","6.59800004959106","","79","","125","162","","","0.698531150508374","80.95","88","13","1","0","0","0","","","","","36","19","15","22","6","1","1","","","","3","5"
"30' LT0 + 4 x rectas","Run","En las rectas, no fuerces nada, no mires ni el ritmo, simplemente son un estímulo neural y también para abrir bien las piernas antes del día de descanso.","0.583333333333333","","2025-04-24","","5657.1298828125","251","517","514.656"," *04/24/2025 David Sabat: bien, guay la parte de rectas, te da la sensación final para saber que puedes correr rápido!*","0.569103598594666","2.76099991798401","","154","","141","163","","","1.07849006025692","65.25","33","2","0","0","0","0","","","","","3","0","0","0","8","19","3","","","","2","5"
"Coach-athlete call","Day Off","DÍA DE DESCANSO Llamada de 20' para responder dudas nutrición y pacing de cara a competición. Cualquier duda sobre material etc etc lo comentamos.","","","2025-04-25","","","","","","","","","","","","","","","","","","","","","","","","","","","","","","","","","","","","","","",""
"Lap Swimming","Swim","","","","2025-04-25","","650","","","","","0.227080278926426","0.792682926829268","","25","","118","141","","","0.715605955604143","8.32","14","0","0","0","0","0","","","","","","","","","","","","","","","4","5"
"5' LT1 + 3' LT2 + 6 x 30-30 VO2","Bike","Openers para mañana.","1","","2025-04-26","","21019.240234375","129","429","373.403","","0.807521104812622","7.23000001907349","","81","","124","151","","","0.600145773406261","28.83","48","1","0","0","0","0","","","","","31","10","2","2","1","1","1","","","","1","5"
"Open Water Swimming","Swim","","","","2025-04-27","","1908.94995117188","","","","","0.792566120624542","0.669000029563904","","28","","141","154","","","0.602142175112034","17.3","46","2","0","0","0","0","","","","","","","","","","","","","","","",""
"Road Cycling","Bike","","","","2025-04-27","","88855.703125","168","430","1845.761","","3.05804324150085","8.07100009918213","","80","","145","162","","","0.746316388896945","169.55","120","71","3","0","0","0","","","","","31","27","37","66","17","3","2","","","","",""
"Running","Run","","","","2025-04-27","","20766.150390625","293","438","1752.892","","1.66060531139374","3.47399997711182","","169","","163","180","","","1.21206028804077","243.15","2","20","38","45","9","0","","","","","0","0","0","0","1","54","44","","","","","1"
"Rest day","Day Off","Puedes caminar, hacer movilidad... pero descanso de entrenamiento estructurado, sé paciente, hay que dejar al cuerpo tiempo para recuperar.","","","2025-04-28","","","","","","","","","","","","","","","","","","","","","","","","","","","","","","","","","","","","","","",""
"Walking","Walk","","","","2025-04-28","","4763.89013671875","","","","","1.01928162574768","1.29799997806549","","98","","72","97","","","0.36408111924451","14.98","61","0","0","0","0","0","","","","","","","","","","","","","","","",""
"Rest day","Day Off","Puedes caminar, hacer movilidad... pero descanso de entrenamiento estructurado, sé paciente, hay que dejar al cuerpo tiempo para recuperar.","","","2025-04-29","","","","","","","","","","","","","","","","","","","","","","","","","","","","","","","","","","","","","","",""
"Lap Swimming","Swim","","","","2025-04-29","","1400","","","","","0.497756667137146","0.777777777777778","","24","","114","144","","","0.703154820633603","17.3","30","0","0","0","0","0","","","","","","","","","","","","","","","",""
"LT1. 3 x (3 x 100)","Swim","200 Variados 3x 3x100 RPE 6-7/10 300 PB fácil 2n bloque Pp 3r bloque PG 8x25 ALETAS apneas D.45"" 200 suaves","","2400","2025-04-30","","2250","","",""," *04/30/2025 David Sabat: 3x100 RPE 6-7. Bien lo que noto que me falla es el picar más constante con los pies ya que hago patada fuerte y dejo el pie muerto posteriormente, no como cuando voy con aletas que soy totalmente constante en el batido de pies. Otra cosa el tema de la respiración/brazada/patada parece obvio, pero no acabo de pillarlo. ¿Pico pie y cuando empiezo a arrastrar agua subacuática mente respiro? Apnea no aguanto toda la piscina, me muero antes, tengo que respirar mínimo una vez. Con pullboy me noto súper bien, punto clave de que las piernas son el principal problema, lucho contra ellas en vez de que ellas me ayuden a mí… Con pullboy también estiro mucho mejor, me siento más fluido, igual que con aletas. El problema viene cuando quito aletas que no soy constante con el batido y empiezo a hacer fuerza para direcciones las cuales no deben ser las correctas! Abrazo crack!*","0.763918892012702","0.814037626628075","","25","","114","156","","","0.736334715480039","30.5","45","1","0","0","0","0","","","","","","","","","","","","","","","4","5"
"8km LT0","Run","8km 5:30-5:35/km","0.740833333333333","","2025-04-30","","7201.7099609375","283","428","727.737"," *04/30/2025 David Sabat: No he cumplido con los ritmos, me subía de bpm muy rápido…*","0.713535845279694","2.80399990081787","","156","","145","165","","","1.19421407170683","100.52","33","9","2","1","0","0","","","","","0","0","0","1","9","19","12","","","","3","7"
"Lap Swimming","Swim","","","","2025-04-30","","400","","","","","0.153019444677565","0.72202166064982","","22","","106","128","","","0.653511716832558","4.27","9","0","0","0","0","0","","","","","","","","","","","","","","","",""
"2h LT0","Bike","Ultra suave, con Andrea","2","","2025-05-01","","50783.05859375","119","462","1096.123","","2.55959820747375","5.51100015640259","","68","","119","162","","","0.601963368746433","92.27","150","3","1","0","0","0","","","","","78","33","22","15","3","1","1","","","","1","5"
"6 x 10' LT1","Bike","15' D2 150-160w 6 x 10' LT1 175-180w","2","","2025-05-02","","50407.23828125","175","507","1281.639","","2.04085493087769","6.86100006103516","","77","","142","169","","","0.779716227392719","123.28","98","24","2","3","0","0","","","","","18","12","22","48","15","4","1","","","","3","3"
"1,5km. Tec","Swim","3x 150 variats D.20"" 100 peus (25 suau + 25 a tope + 50 suau) D.10"" 50 mínimes respiracions possibles D.30"" 12x50 PB (pullboy)+ PG (palas grandes) D.10"" CODO ALTO SUBAQUÁTICO CUANDO NADES PB + PG 100 suaus","","1600","2025-05-02","","1500","","","","","0.521087221569485","0.794070937003706","","25","","115","149","","","0.719649195907206","19.42","31","0","0","0","0","0","","","","","","","","","","","","","","","3","5"
"2km. Tec","Swim","200 Crol 200m Peus aletes bilaterals 200 SNK + Aletas máx long. braçada 10x50m Tecnica VIDEO WHATSAPP D.10"" 400m (50 Crol SUAVE + 50 Crol MODERADO + 25 Crol FUERTE + 25 Esq SUAVE) D.45"" 4x25m Peus full D.20"" 150m suaus 4x25m Peus full D.20"" 150m suaus","","2000","2025-05-03","","1750","","",""," *05/03/2025 David Sabat: Primer día que empiezo a meter los pies bien hechos sin aletas las series completas. Me has dejado KO, veía que no me movía pero aún así keep working y llegaba a hacer la piscina (quizás tardaba 2 minutos, pero la hacía, picando muy fuerte al final me he dado cuenta que hubiera ido mucho más rápido vs esfuerzo yendo lento)!! contento porque almenos noto que puedo empezar a hacer piscina entera solo pies moviendo ni que sea lento!*","0.724546943042013","0.668449197860963","","25","","110","145","","","0.603825610198774","15.95","44","0","0","0","0","0","","","","","","","","","","","","","","","5","5"
"14km LT0","Run","14km 5:30-5:35/km","1.29638888888889","","2025-05-03","","14003.099609375","299","434","1417.654"," *05/03/2025 David Sabat: Me he ido en una serie porque he visto a Andrea corriendo y quería ir a verla jejeje. Todo lo de después muy bien*","1.31533551216125","2.95700001716614","","158","","146","174","","","1.24556682054414","203.03","58","20","4","2","1","0","","","","","0","0","0","0","1","31","44","","","","3","5"
"3h30 Fatmax","Bike","Sostenido 145-160w, busca una ruta que te permita ser regular en esa potencia. Primeros 90min: no eat, only water Then 30g/h ONLY!","3.5","","2025-05-04","","77351.2734375","147","414","1636.313","","3.10323524475098","6.92399978637695","","77","","134","164","","","0.664179577753888","136.38","167","21","2","1","0","0","","","","","48","57","42","30","5","2","1","","","","3","5"
"Swim Club","Swim","SAF 19h40: Calentar con tubo + 8x25 r10 (mariposa recobro intern) + 4x (4x50 F r15 + 200 S r20 + 2x100 F r20)R1' bloque impar palas y pb) + 100 enfria Material: Tubo, palas pequeñas, palas grandes y pb","","2500","2025-05-05","","2425","","","","","0.81303389178382","0.827645051194539","","25","","126","162","","","0.745663872227847","33.71","43","7","1","0","0","0","","","","","","","","","","","","","","","5","5"
"8km LT0","Run","8km 5:30-5:35/km","0.740833333333333","","2025-05-05","No te obsesiones con el pulso los días suaves de carrera, en función del estrés las pulsaciones a ritmos fáciles pueden estar más elevadas de lo normal.","8004.35009765625","313","461","794.772","","0.705705285072327","3.15100002288818","","162","","147","161","","","1.29963596744342","117.88","29","15","1","0","0","0","","","","","0","0","0","0","1","7","32","","","","2","5"
"6 x 8'' Fuerza (Q2)","Bike","6 x 8'' Arrancadas semi-parado con el máximo desarrollo posible a la máxima velocidad posible y sentado","1.78","","2025-05-06","","35775.12890625","163","595","880.357","","1.50667250156403","6.59600019454956","","78","","134","163","","","0.748680002111376","84.16","82","9","1","0","0","0","","","","","19","17","20","24","5","2","1","","","","4","5"
"4 x 2km LT1","Run","4:50-4:55/km en las series de 2km","1.19333333333333","","2025-05-06","","12282.7001953125","300","504","1181.912","","1.0932160615921","3.12100005149841","","156","","148","170","","","1.3310703285827","192.02","30","21","9","10","0","0","","","","","8","1","0","0","1","4","43","","","","3","5"
"Lap Swimming","Swim","","","","2025-05-06","","800","","","","","0.284691389931573","0.780487804878049","","28","","110","125","","","0.702515099062431","9.87","17","0","0","0","0","0","","","","","","","","","","","","","","","",""
"15' LT1 + 4 x 3' VO2max","Bike","15' 175w 4 x 3' 285-300w","2","","2025-05-07","","48323.23828125","157","562","1083.44","","1.91847467422485","6.99700021743774","","78","","132","168","","","0.763224874279683","111.14","99","9","4","6","0","0","","","","","36","28","15","17","9","7","2","","","","4","5"
"FUERZA","Strength","1. STEP UP: 3 x 8 2. B-STANCE RDL: 3 x 8 (espalda baja siempre neutra, si pierdes neutralidad baja peso o reduce rango de movimiento). 3. HAMSTRING BRIDGE HOLD + HIP FLEXION: 3 x 30'' (banda debe ser ligera que te permita moverte a la flexión de cadera en un rango suficiente). 4. SIDE PLANK + LEG LIFT: 3 x 30'' 5. SPRINTER CALF RAISE: 3 x 10r","0.75","","2025-05-07","Ejecución de todos los ejercicios en este vídeo: https://www.youtube.com/watch?v=VtVBrtnIHX4","","","","","","0.75","","","","","","","","","","","","","","","","","","","","","","","","","","","","","","","","5"
"Lap Swimming","Swim","","","","2025-05-07","","1050","","","","","0.362860833803813","0.799086757990868","","26","","112","148","","","0.723417838316288","13.74","22","0","0","0","0","0","","","","","","","","","","","","","","","2","5"
"Swim Club","Swim","SAF 19h40: calentar con tubo + 4x (25 tec + 25 crol + 25 pies + 25 F) r15 + 10x75 F r20 palas y pb + 10x50 F palas r15 + 10x25 F r10 + enfriar","","2500","2025-05-08","","2325","","","","","0.770211947758992","0.838139870223504","","25","","124","148","","","0.603703752816749","30.91","46","0","0","0","0","0","","","","","","","","","","","","","","","2","3"
"8km LT0 (opcional)","Run","8km 5:30-5:35/km","0.740833333333333","","2025-05-08","Si te notas fatigado, sólo swim","10043.6796875","304","405","1002.506","","0.91559225320816","3.04699993133545","","162","","141","160","","","1.25919002163132","143.9","54","1","0","0","0","0","","","","","0","0","0","0","1","13","40","","","","3","3"
"LT1. 3 x (3 x 100)","Swim","200 Variados 3x 3x100 RPE 6-7/10 300 PB fácil 2n bloque Pp 3r bloque PG 8x25 ALETAS apneas D.45"" 200 suaves","","2400","2025-05-09","","2050","","","","","0.684851392375098","0.82794830371567","","27","","119","157","","","0.748337530895023","28.7","38","3","0","0","0","0","","","","","","","","","","","","","","","3","5"
"6 x 1km LT2","Run","6 x 1km @4:30-4:40/km, las series siempre en progresión sin pasarse del ritmo estipulado.","1.03444444444444","","2025-05-09","","11010.2001953125","283","522","1019.455","","1.00213587284088","3.05200004577637","","156","","147","176","","","1.30225466828868","168.36","31","8","5","13","7","0","","","","","11","0","0","1","0","7","31","","","","3","5"
"5' LT1 + 3' LT2 + 6 x 30-30 VO2","Bike","Openers para mañana (si quieres sal con Andrea y en el bloque central te ''desvías un momento haces tus mini series y terminas con ella).","1","","2025-05-10","","18950.060546875","155","450","468.62","","0.840342223644257","6.26399993896484","","77","","","","","","0.747462054612744","46.61","","","","","","","","","","","15","10","9","13","2","0","2","","","","3","5"
"CambriBike","Bike","90g/h carbohidratos Esencial comer desde la primera hora de carrera los 90g/h Mismo desayuno y pre race nutrition que en Valencia. Durante la competi mete sólido también, sin problema, ve alternando, sólido, geles, algo de carbo bebido...","","125000","2025-05-11","","126090.96875","161","472","3028.102","","5.25741147994995","6.66200017929077","","74","","","","","","0.818794515819742","352.24","","","","","","","","","","","99","26","26","68","51","30","14","","","","4","5"
"Swim Club","Swim","","","2500","2025-05-12","","2750","","","","","0.809877504242791","0.942103460089072","","27","","138","164","","","0.848893809740758","49.54","42","7","1","0","0","0","","","","","","","","","","","","","","","4",""
"2h LT0","Bike","He hecho 0140. Escuchando al cuerpo un poco, algo fatigado y he parado porque ahora toca swim con el equipo y no quiero pincharla jeje.","2","","2025-05-12","","40660.421875","155","508","930.931","","1.66856527328491","6.76900005340576","","77","","135","165","","","0.737817523645982","90.48","92","7","1","2","0","0","","","","","25","22","19","25","5","2","2","","","","2","7"
"8 x 800 LT2","Run","4:25-4:35/km by feel","1.17","","2025-05-13","","11019.16015625","284","510","1003.497","","0.980112493038177","3.12299990653992","","157","","153","180","","","1.3458409727048","176.03","23","8","7","11","15","1","","","","","12","0","0","0","0","7","21","","","","3","5"
"Swim Club","Swim","","","2500","2025-05-13","","3450","","","","","1.0632905599806","0.90007826767545","","25","","133","164","","","0.811161156190207","56.75","54","9","2","0","0","0","","","","","","","","","","","","","","","4","5"
"8 x 8'' Fuerza (Q2)","Bike","8 x 8'' Arrancadas semi-parado con el máximo desarrollo posible a la máxima velocidad posible y sentado","0.984444444444444","","2025-05-14","","47878.51171875","174","600","1069.728","","1.70981526374817","7.77799987792969","","79","","138","168","","","0.8108896834324","111.43","83","17","5","2","0","0","","","","","20","18","16","27","12","5","3","","","","2","3"
"Road Cycling","Bike","","","","2025-05-14","","3327.75","195","666","106.859","","0.151842221617699","6.08799982070923","","75","","139","167","","","0.942354670286474","12.58","7","1","1","0","0","0","","","","","2","1","1","2","1","1","1","","","","4","5"
"15' LT1 + 5 x 3' VO2max","Bike","15' 175w 5 x 3' 285-300w","2.1","","2025-05-15","","45092.140625","143","708","1012.636","","1.98381149768829","6.31400012969971","","71","","128","171","","","0.804619171121645","128.1","102","9","4","7","1","0","","","","","49","17","12","18","7","7","7","","","","2","5"
"8km LT0 (opcional)","Run","8km 5:30-5:35/km","0.740833333333333","","2025-05-15","Si te notas fatigado, sólo swim","8007.27001953125","307","451","783.43","","0.70843917131424","3.14000010490417","","164","","149","168","","","1.28443386129936","115.62","25","16","3","2","0","0","","","","","0","0","0","0","1","14","25","","","","3","5"
"Lap Swimming","Swim","","","","2025-05-15","","2300","","","","","0.738233336872525","0.864336715520481","","25","","120","151","","","0.778886527173032","34.88","44","0","0","0","0","0","","","","","","","","","","","","","","","1","5"
"FUERZA","Strength","1. STEP UP: 3 x 8 2. B-STANCE RDL: 3 x 8 (espalda baja siempre neutra, si pierdes neutralidad baja peso o reduce rango de movimiento). 3. HAMSTRING BRIDGE HOLD + HIP FLEXION: 3 x 30'' (banda debe ser ligera que te permita moverte a la flexión de cadera en un rango suficiente). 4. SIDE PLANK + LEG LIFT: 3 x 30'' 5. SPRINTER CALF RAISE: 3 x 10r","0.75","","2025-05-16","Ejecución de todos los ejercicios en este vídeo: https://www.youtube.com/watch?v=VtVBrtnIHX4","","","","","","0.75","","","","","","","","","","","","","","","","","","","","","","","","","","","","","","","2","5"
"LT1. 3 x (3 x 100)","Swim","200 Variados 3x 3x100 RPE 6-7/10 300 PB fácil 2n bloque Pp 3r bloque PG 8x25 ALETAS apneas D.45"" 200 suaves","","2400","2025-05-16","","1650","","",""," *05/16/2025 David Sabat: me pilla el toro! no he podido acabar firmo en 2h, me ha pillado el tiempo. aún así ayer hice swim con el equipo, ósea he hecho más de lo planeado*","0.532994169659085","0.856697819314642","","28","","141","161","","","0.773929666554973","24.71","16","15","2","0","0","0","","","","","","","","","","","","","","","3","5"
"Progresive + 5 x 8'' hill sprints + 8 x 200m hills VO2max","Run","25' progressiu (5:50->4:50/km) 2 x 120m recta progressiva en pla + 1min andando 5 x 8'' 95-98% en pujada + 2min pausa 3 x 20'' 95% en pujada + 2min pausa 5-10' suau","0.833333333333333","","2025-05-17","","10007.08984375","235","635","937.255"," *05/17/2025 David Sabat: débil, ya comentado por whatsapp*","1.1050580739975","2.51500010490417","","148","","138","176","","","1.08851892783173","130.05","52","3","3","6","4","0","","","","","12","1","0","1","20","18","11","","","","3","7"
"Rest day","Day Off","Post flight","","","2025-05-18","","","","","","","","","","","","","","","","","","","","","","","","","","","","","","","","","","","","","","",""
"15km LT0","Run","5:30-5:35/km by feel","1.37138888888889","","2025-05-19","","15006.5400390625","296","545","1451.522","","1.36034381389618","3.06399989128113","","163","","146","158","","","1.22984139480654","206.31","73","13","0","0","0","0","","","","","0","0","0","1","5","34","37","","","","2","5"
"Swim Club","Swim","","","2500","2025-05-20","","3000","","","","","0.919483613901668","0.904704463208685","","26","","124","156","","","0.815675221027057","49.9","54","2","0","0","0","0","","","","","","","","","","","","","","","5","7"
"3 x 2km LT2","Run","3 x 2km 4:30-4:35/km","1.02944444444444","","2025-05-21","","10333.3701171875","296","513","958.276","","0.898842751979828","3.19300007820129","","162","","159","186","","","1.38638626297357","171.28","16","6","4","7","18","8","","","","","10","0","0","0","1","4","23","","","","4","5"
"6 x 10'' Fuerza (Q2)","Bike","6 x 10'' Arrancadas semi-parado con el máximo desarrollo posible a la máxima velocidad posible y sentado","1","","2025-05-21","","29676.91015625","185","624","701.234"," *05/21/2025 David Sabat: al principio algo mal pero creo que ha sido de no coger la bici en varios días. luego las series muy muy bien! veo que la FC en este entreno y el de correr han marcado máximos, porque es? perdiendo fuerza física y se acelera más o calor?*","1.05403029918671","7.82100009918213","","80","","153","184","","","0.876147652976496","80.4","27","15","10","12","5","1","","","","","11","6","10","18","10","4","2","","","","4","5"
"15' LT1 + 10 x 30-30","Bike","15' 175w 1 bloque 10 x 30s MUY FUERTE +300w + 30s LT1 sobre 160-170w Objetivo: trabajar en el VO2max y también comenzar a enfatizar en la capacidad de sostener un alto VO2 durante un periodo prolongado de tiempo","1.76666666666667","","2025-05-22","","43646.48828125","201","659","1107.723","","1.53276634216309","7.90999984741211","","79","","150","172","","","0.918009209336932","128.43","41","26","11","21","1","0","","","","","14","6","9","25","19","11","6","","","","3","1"
"8km LT0 (opcional)","Run","8km 5:30-5:35/km","0.740833333333333","","2025-05-22","Si te notas fatigado, sólo swim","8010.43994140625","287","430","732.414","","0.708332777023315","3.14100003242493","","164","","151","167","","","1.19874901292226","101.4","20","21","4","2","0","0","","","","","0","0","0","0","3","26","12","","","","4","3"
"Swim Club","Swim","calentar con tubo + 3x100 (25 perrito + vuelta normal pb) r15 + 6x50 prog 1-3 r20 + 500 + 5x100 (impar palas + par a tope sin material) r40 + 500 + 6x50 a tope r30 + 100 enfriar los 500 (200 suave + 100 fuerte + 200 suave) el siguiente 500 (200 fuerte + 100 suave + 200 fuerte) Material: tubo + palas + pb","","2700","2025-05-22","","2450","","","","","0.809091948403252","0.839616175462646","","26","","129","160","","","0.757021499483183","35.1","48","1","0","0","0","0","","","","","","","","","","","","","","","",""
"Progresive + 5 x 8'' hill sprints + 8 x 200m hills VO2max","Run","25' progressiu (5:50->4:50/km) 2 x 120m recta progressiva en pla + 1min andando 5 x 8'' 95-98% en pujada + 2min pausa 3 x 20'' 95% en pujada + 2min pausa 5-10' suau","0.833333333333333","","2025-05-23","","8014.35009765625","247","641","746.692","","0.840964674949646","2.6470000743866","","145","","139","179","","","1.22363276489865","124.75","29","8","9","8","1","0","","","","","15","1","0","1","1","4","24","","","","5","5"
"FUERZA","Strength","1. STEP UP: 3 x 8 2. B-STANCE RDL: 3 x 8 (espalda baja siempre neutra, si pierdes neutralidad baja peso o reduce rango de movimiento). 3. HAMSTRING BRIDGE HOLD + HIP FLEXION: 3 x 30'' (banda debe ser ligera que te permita moverte a la flexión de cadera en un rango suficiente). 4. SIDE PLANK + LEG LIFT: 3 x 30'' 5. SPRINTER CALF RAISE: 3 x 10r","0.75","","2025-05-23","Ejecución de todos los ejercicios en este vídeo: https://www.youtube.com/watch?v=VtVBrtnIHX4","","","","","","0.75","","","","","","","","","","","","","","","","","","","","","","","","","","","","","","","","5"
"Lap Swimming","Swim","","","","2025-05-23","","500","","","","","0.171145833863152","0.807754442649435","","25","","117","137","","","0.730371269802276","6.67","10","0","0","0","0","0","","","","","","","","","","","","","","","",""
"8km LT0","Run","5:30-5:35/km by feel","0.731388888888889","","2025-05-24","","7451.64990234375","256","521","713.796","","0.772325038909912","2.6800000667572","","159","","125","143","","","1.06401363667143","86.6","46","0","0","0","0","0","","","","","0","0","0","1","23","20","2","","","","","7"
"8' LT1 + VO2max: 20 x 20''/15''","Run","8' LT1 (4:45-4:50/km) 20 x 20'' 3:40-3:550/km","0.922222222222222","","2025-05-25","","8165.6201171875","269","559","734.676","","0.757031679153442","2.99600005149841","","155","","168","191","","","1.19391506653537","106.07","9","4","4","6","8","18","","","","","8","0","0","1","3","7","19","","","","4","5"
"8km LT0","Run","5:30-5:35/km by feel","0.731388888888889","","2025-05-26","","6135.259765625","314","489","590.941","","0.522413313388824","3.26200008392334","","167","","152","163","","","1.30690558648223","87.98","6","25","2","0","0","0","","","","","0","0","0","0","1","3","25","","","","",""
"Swim Club","Swim","","","2500","2025-05-27","","3050","","","","","0.987719170914756","0.856260527793374","","26","","115","154","","","0.771980561330835","45.44","59","0","0","0","0","0","","","","","","","","","","","","","","","4","5"
"FUERZA.swim focus","Strength","Warm up: Movilidad articular 5 min + Yuri Marmestein band routine 10 rep /brazo https://www.youtube.com/watch?v=Vwn5hSf3WEg Activación SNC: 3x5 CMJ cada repetición es un penalti no seguidas. A1.Remo unilateral: 3 series x 8-12 reps subida rápida, aguanta 1 sec y bajada 3 segundos A2. Press banca: 3 series x 8-12 reps Rec: 120s B1. Dominadas neutras: 3 series x 8-12 reps B2. Rotaciones externas con goma: 3 series x 20-25 reps brazo. Rec:120s C1. Remo con barra: 3 series x 8-12 reps Rec: 120s D1. 4x15 Hombro posterior: https://www.youtube.com/shorts/HvdLRWBprws D2. 4x15 Remo escapular con goma E1. 4x90s Plancha abdominal con retroversión pélvica E2. 4x30s Copenague plank https://i.imgur.com/AnG77AG.jpg E3. 4x10 Hiperextensiones lumbares https://www.youtube.com/watch?v=ZeRsNzFcQLQ& minuto 3:44","","","2025-05-27","","","","","","","","","","","","","","","","","","","","","","","","","","","","","","","","","","","","","","",""
"Road Cycling","Bike","","","","2025-05-27","","30395.830078125","174","640","702.215"," *05/27/2025 David Sabat: Me apetecía rodar sin objetivo!*","1.12573611736298","7.5","","77","","145","188","","","0.850784301310722","81.25","46","11","5","6","2","1","","","","","12","11","12","19","8","3","1","","","","",""
"40 x 50m LT0","Swim","40 x 50 D: 15'' 1-4: ritmo cómodo 5: 55-58''","","2500","2025-05-28","","1750","","","","","0.574757224188911","0.836920133907221","","27","","126","167","","","0.76119095435015","25.35","30","3","1","1","0","0","","","","","","","","","","","","","","","4","5"
"15' LT1 + 4 x 4' VO2max","Bike","15' 175w 4 x 4' 285-300w","2.06666666666667","","2025-05-28","","44321.53125","142","842","994.331"," *05/28/2025 David Sabat: me he comido una serie me he notado algo fatigado la verdad…* *05/28/2025 David Sabat: no fatigado, porque estoy súper energético pero he notado que el lactato me llegaba antes en las series*","1.96938669681549","6.25099992752075","","68","","127","173","","","0.789765234645256","121.79","104","4","2","8","1","0","","","","","47","15","13","22","7","7","6","","","","4","7"
"Running","Run","","","","2025-05-28","","8006.1298828125","297","410","774.099","","0.723742187023163","3.07299995422363","","163","","149","167","","","1.23760283449981","109.65","21","21","3","1","0","0","","","","","0","0","0","0","3","15","24","","","","4","5"
"Swim Club","Swim","","","2500","2025-05-29","","2425","","","","","0.764800559149848","0.878304961970301","","28","","99","131","","","0.792690320040962","38.09","46","0","0","0","0","0","","","","","","","","","","","","","","","2","5"
"3h Fatmax","Bike","150-155w mitjos trancant d'anar el més estable possible durant la sortida, evitar ports amb molt desnivell.","3","","2025-05-29","","75194.2421875","164","624","1578.211","","2.67696928977966","7.80299997329712","","79","","138","166","","","0.754127875423539","151.82","136","22","6","1","0","0","","","","","37","35","27","35","14","7","5","","","","",""
"1h indoor bike","Bike","Utiliza la FC como referencia, no pases de 135HR, puedes usar esta sesión como entrenamiento de calor. Te tapas, y a sudar PERO! si haces eso, ten presente llevar suficiente agua para ir bebiendo durante la sesión y no deshidratarte. Haz la bici post fuerza","1","","2025-05-30","","75104.2890625","114","594","1455.952","","3.55730676651001","5.86499977111816","","69","","118","167","","","0.612664947746146","133.41","210","2","1","1","0","0","","","","","114","45","22","21","6","2","1","","","","",""
"FUERZA.bike-run focus","Strength","1. STEP UP: 3 x 8 2. B-STANCE RDL: 3 x 8 (espalda baja siempre neutra, si pierdes neutralidad baja peso o reduce rango de movimiento). 3. HAMSTRING BRIDGE HOLD + HIP FLEXION: 3 x 30'' (banda debe ser ligera que te permita moverte a la flexión de cadera en un rango suficiente). 4. SIDE PLANK + LEG LIFT: 3 x 30'' 5. SPRINTER CALF RAISE: 3 x 10r","0.75","","2025-05-30","Ejecución de todos los ejercicios en este vídeo: https://www.youtube.com/watch?v=VtVBrtnIHX4","","","","","","","","","","","","","","","","","","","","","","","","","","","","","","","","","","","","","",""
"Running","Run","","","","2025-05-30","","3364.65991210938","221","308","321.677","","0.403687238693237","2.31500005722046","","155","","120","146","","","0.933614106046993","34.52","24","0","0","0","0","0","","","","","0","0","1","12","8","2","1","","","","",""
"Progressiu: 5:45 -> 4:40/km","Run","Regula en función de las sensaciones, no debería ser agónico.","1.58333333333333","","2025-05-31","","18527.98046875","323","466","1813.395","","1.55842971801758","3.30200004577637","","167","","152","178","","","1.34526174848699","280.6","42","18","13","20","7","0","","","","","0","0","0","0","0","18","65","","","","3","5"
"","Swim","","","","2025-05-31","","506.299987792969","","","","","0.208333894610405","0.675000011920929","","29","","116","130","","","0.607558348510423","4.67","13","0","0","0","0","0","","","","","","","","","","","","","","","",""
"LT1. 3 x (3 x 100)","Swim","200 Variados 3x 3x100 RPE 6-7/10 300 PB fácil 2n bloque Pp 3r bloque PG 8x25 ALETAS apneas D.45"" 200 suaves","","2400","2025-06-01","","815.109985351563","","",""," *06/01/2025 David Sabat: Han salido 1100m realmente lo que mi reloj no contabilizo bien con el gps(Hemos hecho 5x100 LT + 2x300) Mañana iré con el club a nadar para completar esos metros que no han salido hoy. Andrea se ha empezado a marear por oleaje y hemos decidio salir, consequentemente yo tambien he hecho fuga. Seguimos, aún asi creo que ""cumplimos"" con el volumen planteado.*","0.354315012693405","0.638999998569489","","31","","117","140","","","0.575130855418262","6.74","21","0","0","0","0","0","","","","","","","","","","","","","","","4","5"
"Road Cycling","Bike","","","","2025-06-01","","32615.69921875","151","514","676.302","","1.24440944194794","7.28000020980835","","78","","136","170","","","0.731704236367795","66.36","64","11","2","0","0","0","","","","","23","15","12","16","6","1","0","","","","2","5"
"Running","Run","","","","2025-06-01","","5028.0498046875","294","415","488.038","","0.461418628692627","3.02699995040894","","163","","142","171","","","1.22424691197926","67.83","21","5","3","1","0","0","","","","","0","0","0","0","2","13","12","","","","2",""
"10 x 8'' Fuerza (Q2)","Bike","10 x 8'' Arrancadas semi-parado con el máximo desarrollo posible a la máxima velocidad posible y sentado","1.23888888888889","","2025-06-02","","24134.330078125","166","708","533.074","","0.895196378231049","7.48899984359741","","80","","140","175","","","0.816722274064286","59.04","41","10","4","2","1","0","","","","","13","12","11","11","4","1","1","","","","3","5"
"8km LT0","Run","5:30-5:35/km by feel","0.731388888888889","","2025-06-02","","8140.1201171875","279","428","758.247","","0.755010306835175","2.99499988555908","","164","","140","158","","","1.16606958562815","101.44","41","5","0","0","0","0","","","","","0","0","0","0","9","24","11","","","","1",""
"Swim club","Swim","","","2500","2025-06-02","","2275","","","","","0.873888888888889","0.8190000140868","","27","","126","161","","","0.60804888781605","35.67","51","2","0","0","0","0","","","","","","","","","","","","","","","",""
"Adaptación anatómica","Strength","Hem de realitzar dues voltes. El temps de descans entre voltes és 1'30'' i entre exercicis de 30''.","0.75","","2025-06-03","Si no tenim cinturó rus, podem utilitzar un neumàtic de bici. Si no es poden fer dominadas, realitzar rem amb gomes elàstiques o manuelles.","","","","","","0.75","","","","","","","","","","","","","","","","","","","","","","","","","","","","","","","",""
"Swim club","Swim","","","2500","2025-06-03","","1000","","","","","0.339852498372396","0.814995925020375","","29","","119","150","","","0.735613247503806","13.53","20","0","0","0","0","0","","","","","","","","","","","","","","","1","5"
"Lap Swimming","Swim","","","","2025-06-03","","2750","","","","","0.889780836105347","0.856964786537862","","27","","129","162","","","0.772662179384815","41.04","45","7","2","0","0","0","","","","","","","","","","","","","","","",""
"15' LT1 + 3 x 8' LT2","Bike","15' 175w 3 x 8' @205-210w","2.15","","2025-06-04","","44630.1484375","172","622","1013.27","","1.64464354515076","7.53800010681152","","83","","145","182","","","0.83078111789981","113.03","63","25","8","9","2","1","","","","","25","12","12","25","14","6","2","","","","3","5"
"Swimming","Swim","","","","2025-06-04","","1850","","","","","0.602660552130805","0.850183823529412","","28","","126","150","","","0.767430352567055","27.24","36","0","0","0","0","0","","","","","","","","","","","","","","","",""
"8' LT1 + VO2max: 18 x 30''/20''","Run","8' LT1 (4:50/km) 18 x 30'' 3:45-3:50/km","0.977777777777778","","2025-06-05","","10015.580078125","292","556","969.267","","0.921561121940613","3.01900005340576","","155","","151","184","","","1.32412597056016","160.3","24","8","8","12","7","2","","","","","10","1","0","1","1","2","28","","","","4","5"
"Lap Swimming","Swim","","","","2025-06-05","","2825","","","","","0.803770561218262","0.974810213940649","","27","","131","165","","","0.878671145817469","54.53","47","1","0","0","0","0","","","","","","","","","","","","","","","",""
"Adaptación anatómica","Strength","Hem de realitzar dues voltes. El temps de descans entre voltes és 1'30'' i entre exercicis de 30''.","0.75","","2025-06-06","Si no tenim cinturó rus, podem utilitzar un neumàtic de bici. Si no es poden fer dominadas, realitzar rem amb gomes elàstiques o manuelles.","","","","","","0.75","","","","","","","","","","","","","","","","","","","","","","","","","","","","","","","",""
"Road Cycling","Bike","","","","2025-06-06","","34848.69921875","143","675","745.864","","1.45523405075073","6.65199995040894","","77","","125","158","","","0.717521222543207","74.34","82","6","0","0","0","0","","","","","31","15","10","19","9","2","1","","","","",""
"8' LT1 + LT2: 8 x 3'","Run","8' LT1 (4:50/km) 8 x 3' (4:30-4:35/km)","1.17222222222222","","2025-06-06","","11567.7099609375","295","513","1066.879","","1.00500524044037","3.19700002670288","","160","","150","177","","","1.32882579283086","176.29","22","12","9","15","9","0","","","","","9","1","0","1","1","7","29","","","","3","5"
"Lap Swimming","Swim","","","","2025-06-06","","2000","","","","","0.625168892012702","0.884955752212389","","29","","114","140","","","0.79978387662616","31.98","38","0","0","0","0","0","","","","","","","","","","","","","","","",""
"Road Cycling","Bike","","","","2025-06-07","","21162.169921875","169","377","406.621","","0.666777193546295","8.81599998474121","","82","","","","","","0.776185174216631","39.73","","","","","","","","","","","8","6","7","11","5","3","1","","","","",""
"3h Fatmax","Bike","150-155w mitjos trancant d'anar el més estable possible durant la sortida, evitar ports amb molt desnivell.","3","","2025-06-08","","25526.640625","149","370","528.62","","0.989763021469116","7.16400003433228","","75","","128","166","","","0.7358694774128","53.24","49","8","3","1","0","0","","","","","19","12","8","11","6","2","1","","","","",""
"Swimming","Swim","","","","2025-06-08","","1000","","","","","0.409722222222222","0.656000053319684","","22","","87","124","","","0.55043553479953","13.45","25","0","0","0","0","0","","","","","","","","","","","","","","","",""
"Lap Swimming","Swim","","","","2025-06-08","","1000","","","","","0.375979722208447","0.735835172921266","","22","","87","124","","","0.664929476865238","11.05","23","0","0","0","0","0","","","","","","","","","","","","","","","",""
"12km incl. 8km steady","Run","2km <5:30/km 8km @5:00-5:05/km 2km <5:30/km","1.05694444444444","","2025-06-09","","10087.2900390625","314","481","942.711"," *06/09/2025 David Sabat: 2km acabados últimos sin reloj, se me ha quedado sin batería al empezar el cool down, Algo fatigado me he visto, nose si algo de bpm o de técnica (dorsal un poco cargado tmbbb)*","0.834204196929932","3.35899996757507","","166","","152","178","","","1.31452793506956","142.56","21","5","6","15","9","0","","","","","0","0","0","0","1","14","33","","","","4","7"
"Created by David: Técnica rolido + posición corporal","Swim","10' wu tuba (concienciarnos de la importancia de rotar bien, picando de pies, sin descompensarse y suave, no querer marcar ritmos altos, simplemente enfocarse en lo importante) 500m ROLIDO : https://www.youtube.com/watch?v=zRFJ-zv8W9M 2x50 Manos pecho, volvemos normal, cadera fija!!! 2x50 Lateral con hombro fuera del agua /aguantando punto muerto/ 2x50 Saludo al sol 2x50 3 BRAZADAS Y DESLIZ (6 patadas laterales) (tornar normal) 2x50 DELIZ - ROTAR - DESLIZ (tornar normal) POSICION CORPORAL: https://www.youtube.com/watch?v=p_EGM25yf5o (cuidado postura de la cabeza) 2x50 tuba + tabla pequeña (bajo la tripa) 2X50 conciencia de cadera fija 2X50 tuba + pb (bloqueamos cadera y mas freq en patada) 2X50 concienciando","","2000","2025-06-09","","1000","","",""," *06/09/2025 David Sabat: solo roido mucha gente en el Club siguiente día postura corporal*","0.356770275963677","0.777000777000777","","26","","101","142","","","0.700731021733022","12.28","21","0","0","0","0","0","","","","","","","","","","","","","","","",""
"Swim club (OPEN WATER)","Swim","","","2500","2025-06-09","","982.659973144531","","","","","0.34848028421402","0.782999992370605","","30","","110","122","","","0.704960953071472","12.21","21","0","0","0","0","0","","","","","","","","","","","","","","","",""
"Created by David: Shoulder mobility","Other","CIRCUITO INICIAL -> ABUJAS DEL RELOJ + BANDA ELASTICA + GATO CAMELLO + ESTIRAMIENTO DORSAL + HOMRBO SUELO MOVILIDAD HOMBRO: A.Wall Angels (ángeles contra la pared) 3x10 repeticiones B. Rotación interna y externa con palo o toalla 3x10 por lado C. Flexión de hombros en cuadrupedia 3x8 por brazo FUERZA HOMBRO: (DEPENDE DEL DÍA): Y-T-W: A.3x8-10 repeticiones de cada forma B. Remo inclinado con mancuerna o banda 3x10-12 repeticiones C. Face Pull con banda o polea 3x12-15 repeticiones CORRECTOR POSTURA!!!!: A. Extensión dorsal en foam roller 3 series de 1 min Coloca el rodillo a la altura de la espalda media. Apoya la espalda y extiéndete hacia atrás lentamente. B. Superman Hold (isométrico) 3x30 segundos Boca abajo, brazos y piernas extendidas, eleva ambos ligeramente del suelo. Activa glúteos y espalda. C. Postura de “pared” (Wall Posture Hold) 3x45 segundos Apóyate contra una pared: talones, glúteos, espalda y cabeza en contacto. Brazos en cactus o extendidos arriba. Mantén postura activa.","","","2025-06-09","","","","","","","","","","","","","","","","","","","","","","","","","","","","","","","","","","","","","","",""
"Swim club","Swim","","","2500","2025-06-10","","1200","","","","","0.338713887002733","0.98119378577269","","23","","108","138","","","0.885703277933743","23.53","20","0","0","0","0","0","","","","","","","","","","","","","","","",""
"8 x 10'' Fuerza (Q2)","Bike","8 x 10'' Arrancadas semi-parado con el máximo desarrollo posible a la máxima velocidad posible y sentado","1.12222222222222","","2025-06-10","","31113.529296875","166","667","679.182","","1.13859832286835","7.59100008010864","","78","","142","175","","","0.798946217674704","72.29","50","11","6","5","1","0","","","","","18","12","11","16","6","2","1","","","","",""
"Adaptación anatómica","Strength","Hem de realitzar dues voltes. El temps de descans entre voltes és 1'30'' i entre exercicis de 30''.","0.75","","2025-06-10","Si no tenim cinturó rus, podem utilitzar un neumàtic de bici. Si no es poden fer dominadas, realitzar rem amb gomes elàstiques o manuelles.","","","","","","","","","","","","","","","","","","","","","","","","","","","","","","","","","","","","","",""
"Created by David: Shoulder mobility + Hips mobility","Other","CIRCUITO INICIAL -> ABUJAS DEL RELOJ + BANDA ELASTICA + GATO CAMELLO + ESTIRAMIENTO DORSAL + HOMRBO SUELO MOVILIDAD HOMBRO: A.Wall Angels (ángeles contra la pared) 3x10 repeticiones B. Rotación interna y externa con palo o toalla 3x10 por lado C. Flexión de hombros en cuadrupedia 3x8 por brazo FUERZA HOMBRO: (DEPENDE DEL DÍA): Y-T-W: A.3x8-10 repeticiones de cada forma B. Remo inclinado con mancuerna o banda 3x10-12 repeticiones C. Face Pull con banda o polea 3x12-15 repeticiones CORRECTOR POSTURA!!!!: A. Extensión dorsal en foam roller 3 series de 1 min Coloca el rodillo a la altura de la espalda media. Apoya la espalda y extiéndete hacia atrás lentamente. B. Superman Hold (isométrico) 3x30 segundos Boca abajo, brazos y piernas extendidas, eleva ambos ligeramente del suelo. Activa glúteos y espalda. C. Postura de “pared” (Wall Posture Hold) 3x45 segundos Apóyate contra una pared: talones, glúteos, espalda y cabeza en contacto. Brazos en cactus o extendidos arriba. Mantén postura activa.","","","2025-06-10","","","","","","","","","","","","","","","","","","","","","","","","","","","","","","","","","","","","","","",""
"Lap Swimming","Swim","","","","2025-06-10","","2725","","","","","0.89273389339447","0.846536191363778","","27","","119","154","","","0.763105338601699","39.67","53","0","0","0","0","0","","","","","","","","","","","","","","","",""
"Strength + VEL","Swim","300 crol 400m trabajo técnica (cogemos del día anterior lo que sintamos que nos ha ido mejor) 4x50 progre 1-4 D.15"" 6x100m PG + Arrastre (samarreta o pantaló platja) ritmo Fuerte D.15"" 4x100m Transferencia sin camiseta mismo feeling series previas, ritmo fuerte D.15"" 100m suaus 4x25 PG + Aletes a tope! D.30"" + 4x50m Peus aletes A3 D.5"" + 4x25m nedar amb aletes a tope! D.30"" 100m suaus","","2500","2025-06-11","","2150","","","","","0.572217501584027","1.03764478764479","","25","","113","164","","","0.939328137486322","47.43","33","1","0","0","0","0","","","","","","","","","","","","","","","",""
"8' LT1 + VO2max: 16 x 40''/30''","Run","8' LT1 (4:50/km) 16 x 40'' 3:45-3:50/km","1.03888888888889","","2025-06-11","","9518.2900390625","263","501","819.086","","0.865010321140289","3.05699992179871","","142","","154","190","","","1.28541971429718","141.43","19","8","4","8","9","8","","","","","15","1","0","0","1","6","15","","","","4","5"
"Created by David: Shoulder mobility","Other","CIRCUITO INICIAL -> ABUJAS DEL RELOJ + BANDA ELASTICA + GATO CAMELLO + ESTIRAMIENTO DORSAL + HOMRBO SUELO MOVILIDAD HOMBRO: A.Wall Angels (ángeles contra la pared) 3x10 repeticiones B. Rotación interna y externa con palo o toalla 3x10 por lado C. Flexión de hombros en cuadrupedia 3x8 por brazo FUERZA HOMBRO: (DEPENDE DEL DÍA): Y-T-W: A.3x8-10 repeticiones de cada forma B. Remo inclinado con mancuerna o banda 3x10-12 repeticiones C. Face Pull con banda o polea 3x12-15 repeticiones CORRECTOR POSTURA!!!!: A. Extensión dorsal en foam roller 3 series de 1 min Coloca el rodillo a la altura de la espalda media. Apoya la espalda y extiéndete hacia atrás lentamente. B. Superman Hold (isométrico) 3x30 segundos Boca abajo, brazos y piernas extendidas, eleva ambos ligeramente del suelo. Activa glúteos y espalda. C. Postura de “pared” (Wall Posture Hold) 3x45 segundos Apóyate contra una pared: talones, glúteos, espalda y cabeza en contacto. Brazos en cactus o extendidos arriba. Mantén postura activa.","","","2025-06-11","","","","","","","","","","","","","","","","","","","","","","","","","","","","","","","","","","","","","","",""
"Road Cycling","Bike","","","","2025-06-11","","23154.240234375","124","742","433.09","","0.974309146404266","6.60099983215332","","70","","130","178","","","0.674644023804706","43.86","52","4","2","1","1","0","","","","","30","11","7","6","3","1","1","","","","",""
"Swimming Club","Swim","","","2500","2025-06-12","","1200","","","","","0.350583611594306","0.945626477541371","","25","","123","149","","","0.855715983515963","21.97","21","0","0","0","0","0","","","","","","","","","","","","","","","",""
"Adaptación anatómica","Strength","Hem de realitzar dues voltes. El temps de descans entre voltes és 1'30'' i entre exercicis de 30''.","0.75","","2025-06-12","Si no tenim cinturó rus, podem utilitzar un neumàtic de bici. Si no es poden fer dominadas, realitzar rem amb gomes elàstiques o manuelles.","","","","","","","","","","","","","","","","","","","","","","","","","","","","","","","","","","","","","",""
"Created by David: Shoulder mobility + Hips mobility","Other","CIRCUITO INICIAL -> ABUJAS DEL RELOJ + BANDA ELASTICA + GATO CAMELLO + ESTIRAMIENTO DORSAL + HOMRBO SUELO MOVILIDAD HOMBRO: A.Wall Angels (ángeles contra la pared) 3x10 repeticiones B. Rotación interna y externa con palo o toalla 3x10 por lado C. Flexión de hombros en cuadrupedia 3x8 por brazo FUERZA HOMBRO: (DEPENDE DEL DÍA): Y-T-W: A.3x8-10 repeticiones de cada forma B. Remo inclinado con mancuerna o banda 3x10-12 repeticiones C. Face Pull con banda o polea 3x12-15 repeticiones CORRECTOR POSTURA!!!!: A. Extensión dorsal en foam roller 3 series de 1 min Coloca el rodillo a la altura de la espalda media. Apoya la espalda y extiéndete hacia atrás lentamente. B. Superman Hold (isométrico) 3x30 segundos Boca abajo, brazos y piernas extendidas, eleva ambos ligeramente del suelo. Activa glúteos y espalda. C. Postura de “pared” (Wall Posture Hold) 3x45 segundos Apóyate contra una pared: talones, glúteos, espalda y cabeza en contacto. Brazos en cactus o extendidos arriba. Mantén postura activa.","","","2025-06-12","","","","","","","","","","","","","","","","","","","","","","","","","","","","","","","","","","","","","","",""
"15' LT1 + 2 x 12' LT2","Bike","","","","2025-06-12","","45402.828125","139","1469","939.081","","1.89115881919861","6.66900014877319","","72","","","","","","0.729981607434323","100.07","","","","","","","","","","","45","19","14","20","10","2","1","","","","",""
"Lap Swimming","Swim","","","","2025-06-12","","1675","","","","","0.501966390079922","0.919824272377814","","27","","117","152","","","0.834219199284094","29.14","30","0","0","0","0","0","","","","","","","","","","","","","","","",""
"Pre-Running","Swim","200 variats 100m PB 100m peus 300m trabajo técnica 20x50m progre 1-4 c/1' (A1+A2+A3+UA) A1: means easy peasy A2: means moderate pace 1:55/100m A3: means a bit harder 1:50/100m UA: around the pace you could hold in the 100s the other day 1:45/100m 100m suaus","","1800","2025-06-13","","","","","","","","","","","","","","","","","","","","","","","","","","","","","","","","","","","","","","",""
"15km LT0","Run","5:30-5:35/km by feel","1.37138888888889","","2025-06-13","","14087.51953125","304","465","1402.182","","1.27854692935944","3.06100010871887","","165","","147","167","","","1.26449973605116","203.42","52","23","4","3","0","0","","","","","0","0","0","0","2","23","48","","","","",""
"Created by David: Shoulder mobility","Other","CIRCUITO INICIAL -> ABUJAS DEL RELOJ + BANDA ELASTICA + GATO CAMELLO + ESTIRAMIENTO DORSAL + HOMRBO SUELO MOVILIDAD HOMBRO: A.Wall Angels (ángeles contra la pared) 3x10 repeticiones B. Rotación interna y externa con palo o toalla 3x10 por lado C. Flexión de hombros en cuadrupedia 3x8 por brazo FUERZA HOMBRO: (DEPENDE DEL DÍA): Y-T-W: A.3x8-10 repeticiones de cada forma B. Remo inclinado con mancuerna o banda 3x10-12 repeticiones C. Face Pull con banda o polea 3x12-15 repeticiones CORRECTOR POSTURA!!!!: A. Extensión dorsal en foam roller 3 series de 1 min Coloca el rodillo a la altura de la espalda media. Apoya la espalda y extiéndete hacia atrás lentamente. B. Superman Hold (isométrico) 3x30 segundos Boca abajo, brazos y piernas extendidas, eleva ambos ligeramente del suelo. Activa glúteos y espalda. C. Postura de “pared” (Wall Posture Hold) 3x45 segundos Apóyate contra una pared: talones, glúteos, espalda y cabeza en contacto. Brazos en cactus o extendidos arriba. Mantén postura activa.","","","2025-06-13","","","","","","","","","","","","","","","","","","","","","","","","","","","","","","","","","","","","","","",""
"Open water (OPCIONAL)","Swim","Si el mar está tranquilo y calmado puedes hacer 1km muy suave para coger sensaciones para mañana :D","","1000","2025-06-14","","","","","","","","","","","","","","","","","","","","","","","","","","","","","","","","","","","","","","",""
"1h30 LT0-D2","Bike","1h30 135-155W","1.5","","2025-06-14","","30131.130859375","90","276","237.949","","1.48880755901337","5.62200021743774","","61","","128","165","","","0.455066490319062","15.29","80","8","2","1","0","0","","","","","80","7","2","1","0","0","0","","","","",""
"Created by David: Shoulder mobility + Hips mobility","Other","CIRCUITO INICIAL -> ABUJAS DEL RELOJ + BANDA ELASTICA + GATO CAMELLO + ESTIRAMIENTO DORSAL + HOMRBO SUELO MOVILIDAD HOMBRO: A.Wall Angels (ángeles contra la pared) 3x10 repeticiones B. Rotación interna y externa con palo o toalla 3x10 por lado C. Flexión de hombros en cuadrupedia 3x8 por brazo FUERZA HOMBRO: (DEPENDE DEL DÍA): Y-T-W: A.3x8-10 repeticiones de cada forma B. Remo inclinado con mancuerna o banda 3x10-12 repeticiones C. Face Pull con banda o polea 3x12-15 repeticiones CORRECTOR POSTURA!!!!: A. Extensión dorsal en foam roller 3 series de 1 min Coloca el rodillo a la altura de la espalda media. Apoya la espalda y extiéndete hacia atrás lentamente. B. Superman Hold (isométrico) 3x30 segundos Boca abajo, brazos y piernas extendidas, eleva ambos ligeramente del suelo. Activa glúteos y espalda. C. Postura de “pared” (Wall Posture Hold) 3x45 segundos Apóyate contra una pared: talones, glúteos, espalda y cabeza en contacto. Brazos en cactus o extendidos arriba. Mantén postura activa.","","","2025-06-14","","","","","","","","","","","","","","","","","","","","","","","","","","","","","","","","","","","","","","",""
"ENJOY!","Custom","","","","2025-06-15","","","","","","","","","","","","","","","","","","","","","","","","","","","","","","","","","","","","","","",""
"Open Water Swimming","Swim","","","","2025-06-15","","825.400024414063","","","","","0.284400552511215","0.805999994277954","","32","","161","180","","","0.725561199798929","10.86","0","4","7","9","1","0","","","","","","","","","","","","","","","",""
"Transition","Other","","","","2025-06-15","","462.350006103516","","","","","0.0498933307826519","2.57399988174438","","68","","171","181","","","0.908396804950151","4.22","0","0","0","1","1","1","","","","","","","","","","","","","","","",""
"Cycling","Bike","","","","2025-06-15","","20357.130859375","185","662","369.61","","0.557551383972168","10.1420001983643","","88","","159","178","","","0.883657259804845","42.94","7","10","6","8","7","0","","","","","10","3","3","5","4","3","3","","","","",""
"Transition","Other","","","","2025-06-15","","139.839996337891","","","","","0.015480000525713","2.5090000629425","","97","","170","174","","","0.890912285492411","1.21","0","0","0","0","1","0","","","","","","","","","","","","","","","",""
"Running","Run","","","","2025-06-15","","4897.56982421875","371","493","435.696","","0.325663328170776","4.17700004577637","","175","","179","190","","","1.54344601145664","76.42","0","0","0","1","7","15","","","","","0","0","0","0","0","0","5","","","","",""
"Road Cycling","Bike","","","","2025-06-15","","20047.7109375","185","682","362.614","","0.545578896999359","10.2069997787476","","88","","159","178","","","0.880552114883296","41.68","7","10","6","7","7","0","","","","","10","3","3","5","4","3","3","","","","",""
"Swim Club","Swim","","","2500","2025-06-16","","1500","","","","","0.460429998503791","0.900360144057623","","24","","122","173","","","0.814456054598085","24.88","26","2","0","1","0","0","","","","","","","","","","","","","","","",""
"Lap Swimming","Swim","","","","2025-06-16","","2175","","","","","0.693164448208279","0.867916999201915","","27","","135","166","","","0.784445886406188","33.46","36","5","1","0","0","0","","","","","","","","","","","","","","","",""
"Swim Club","Swim","","","2500","2025-06-17","","1100","","","","","0.256300556394789","1.18790496760259","","22","","117","152","","","1.07295904413258","31.66","15","0","0","0","0","0","","","","","","","","","","","","","","","",""
"10' LT1 + 5 x 15'' HCSS + 5 x 1' LT2 torque","Bike","10' (85-95rpm) 5' (95-105rpm) 5' (105-115rpm) 5' (15'' Sprint sentado a máxima cadencia más de 120rpm + 45'' Z1) 10' 170W 1' Z1 5x (1' @50-55rpm LT2 (205-220W) + 2' Z1 95rpm cadencia) 20' Z1","1.1625","","2025-06-17","Sesiones absolutamente esenciales para mejorar más adelante tus umbrales. Estas sesiones te darán muchas mejoras a nivel neuromuscular así como generás adaptaciones a nivel anaeróbico, importantes en este momento de la preparación.","26601.279296875","155","540","251.455"," *06/17/2025 David Sabat: potenciometro al palco en las de torque 😔*","1.0806530714035","6.83799982070923","","93","","143","173","","","0.732421918185002","24.23","43","10","6","8","2","0","","","","","47","6","4","4","2","1","1","","","","",""
"Lap Swimming","Swim","","","","2025-06-17","","2575","","","","","0.794644449022081","0.898778359511344","","28","","134","159","","","0.810110736685095","42.25","45","3","0","0","0","0","","","","","","","","","","","","","","","",""
"3 x [ (3 x 50 MAX) + 200 LT1]","Swim","300 variado 300 técnica tuba 3 bloques 3 x 50 MAX D: 2' 4 x 50 @1:45-1:50 max swim quality C/1' Entre bloques 200 tuba + AL alargar brazada 300 pies (50 F + 50 S) 200s","","2000","2025-06-18","","1800","","",""," *06/18/2025 David Sabat: Hoy me he sentido fatigado en general. No he acabado el entreno. Nose cómo mejorar la tijera que hago con los pies, te pasaré vídeo para que analices y intentemos ver dónde está el error para focalizar en ejercicios*","0.558079721662733","0.890648193963384","","28","","120","153","","","0.80633641132718","29.26","34","0","0","0","0","0","","","","","","","","","","","","","","","",""
"Adaptación anatómica","Strength","Hem de realitzar dues voltes. El temps de descans entre voltes és 1'30'' i entre exercicis de 30''.","","","2025-06-18","Si no tenim cinturó rus, podem utilitzar un neumàtic de bici. Si no es poden fer dominadas, realitzar rem amb gomes elàstiques o manuelles.","","","","","","","","","","","","","","","","","","","","","","","","","","","","","","","","","","","","","",""
"8km 5:30/km","Run","","0.770277777777778","","2025-06-18","","8019.3701171875","294","433","795.08","","0.752076387405396","2.96199989318848","","161","","148","164","","","1.21897916244916","110.46","30","16","3","0","0","0","","","","","0","0","0","0","1","23","20","","","","3","7"
"Swim Club","Swim","","","2500","2025-06-19","","2450","","","","","0.714861389795939","0.949244478884153","","27","","133","162","","","0.856809458089268","44.96","34","10","2","0","0","0","","","","","","","","","","","","","","","",""
"4 x 20'' Sub-max + 6 x 4 LT1","Run","4 x 20'' Sub-max 6 x 4' @4:50/km Active rest HR esencial en esta sesión","1.14027777777778","","2025-06-19","","11464.98046875","291","604","1100.437","","1.05195832252502","3.02699995040894","","157","","158","182","","","1.33929402303911","186.99","16","9","6","18","15","5","","","","","12","1","0","0","0","3","36","","","","1","5"
"2 x [ (2 x 25 + 1 x 50 MAX) + 3 x 100 LT1]","Swim","300 variado 300 técnica tuba 2 bloques 2 x 25 MAX D: 60'' 1 x 50 MAX D: 2' 3 x 100 @1:50-1:55 máxima calidad en el nado saliendo cada 2'10 Entre bloques 200 tuba + AL alargar brazada 300 pies (50 F + 50 S) 200s","","2100","2025-06-20","","1550","","",""," *06/20/2025 David Sabat: Algo fatigado. Me he dejado por hacer el último 100 + la última parte del entreno. Me he desmotivado también al ver que no mejoro el tema del pie… (he metido técnica de nadar con la aleta en el pie que siento muerto y luego al nadar normal me sentía lento/raro)*","0.487175830205282","0.878684807256236","","27","","114","151","","","0.795400707454471","24.52","29","0","0","0","0","0","","","","","","","","","","","","","","","7","7"
"3 x 30' LT1","Bike","40min Fatmax zone 145-155W 3 x 30' LT1 (170-180w)","2.56666666666667","","2025-06-20","","108834.8125","151","563","2121.475","","3.9038553237915","7.74399995803833","","82","","149","177","","","0.727439495908082","206.15","120","65","29","28","13","0","","","","","67","45","39","52","19","8","4","","","","",""
"8' uLT1 + 2 x 8 x 40'' @3:50/km - 20'' uLT1 + 8' uLT1","Run","WU: 3km progressive (6:00 a 5:15/km) + 2 x 200m (4:30/km) D: 1' andando + 2 x 15'' progresivo D: 1' andando + 8' 5:00/km + 1' muy suave + 2 bloques de 8 x 40'' 3:50/km - 20'' keep moving (not slower than 5:15/km) entre bloques 5' suave (5:45/km) después del segundo bloque + 8' 5:00/km + Cool down: +-5' suave","1.25","14000","2025-06-21","Check lactate after second block for sure and if you can after first and second block. We will warm up together we will do the first 8min together and then goodbye my friend :D","10314.2802734375","339","504","1005.611","","0.823408901691437","3.48000001907349","","168","","163","183","","","1.41004552122329","162.32","4","16","7","9","14","5","","","","","0","0","0","0","0","2","37","","","","",""
"Neuro + ANC: 8x20MAX parach. + 4x20MAX + 4x50MAX","Swim","400v incl. 200m tecnica remadas 3 x 100 pies comienza a ritmo moderado y las últimas dos a tope! Ritmos? Descanso 10'' primera serie, 20'' segunda, 30'' tercera, 40'' cuarta, 50'' quinta. 1 x 100 SNK AL mínimas brazadas 8 x 20 MAX con paracaídas C/2' Sin impulso, con paracaídas tensado para que resista desde inicio. 4 x 20 MAX sin paracaídas Sin impulso C/1'30 4 x 50 MAX C/3' 4 x 100 SNK mínimas brazadas c/1'45 100s","","1800","2025-06-21","","1400","","","","","0.399257222546472","0.963523743977977","","26","","124","167","","","0.876627848502507","26.9","22","1","1","1","0","0","","","","","","","","","","","","","","","",""
"1h30' LT0","Bike","Post running, flushing the legs","1.5","","2025-06-22","","36778.21875","115","637","716.647","","1.751748919487","5.83199977874756","","65","","","","","","0.593103709450892","61.54","","","","","","","","","","","58","24","10","8","3","1","1","","","","",""
"12km 5:30/km","Run","","1.15555555555556","","2025-06-23","","12015.51953125","295","448","1105.635","","1.03824079036713","3.21499991416931","","165","","145","161","","","1.23102304863707","155.76","56","9","1","0","0","0","","","","","0","0","0","1","1","23","36","","","","",""
"4 x 25'' Sub-max + 6 x 4 LT1","Run","4 x 25'' Sub-max 6 x 4' @4:50/km Active rest HR esencial en esta sesión","1.14583333333333","","2025-06-24","","13020.8203125","276","562","1225.587","","1.23065578937531","2.93899989128113","","155","","141","165","","","1.26756723964152","196.41","46","18","16","2","0","0","","","","","14","0","0","0","1","7","47","","","","1","5"
"Adaptación anatómica","Strength","Hem de realitzar dues voltes. El temps de descans entre voltes és 1'30'' i entre exercicis de 30''.","","","2025-06-25","Si no tenim cinturó rus, podem utilitzar un neumàtic de bici. Si no es poden fer dominadas, realitzar rem amb gomes elàstiques o manuelles.","","","","","","","","","","","","","","","","","","","","","","","","","","","","","","","","","","","","","",""
"Lap Swimming","Swim","200 variados + 200 PB + 200 Pies aletas 3x500 ritmo moderado sostenido D: 45'' 1a. Palas pequeñas 2a. Palas grandes 3a. Transf. sin material","","2100","2025-06-25","Movilitat articular + gomes","2200","","","","","0.709083612759908","0.859375","","24","","125","162","","","0.775649006834723","33.09","41","1","0","0","0","0","","","","","","","","","","","","","","","",""
"Lap Swimming","Swim","600m (150 crol + 50 esquena) 10x50m Técnica D.10"" 200m estils 6x150m PG + Arrastre (samarreta o pantaló platja) mismo ritmo en todas las series D.20"" 4x50m Peus aletes molt fort D.10"" 100m suaus","","2500","2025-06-26","Movilitat articular + gomes","2275","","","","","0.694392504427168","0.907097288676236","","26","","125","155","","","0.819061260560674","38.16","40","2","0","0","0","0","","","","","","","","","","","","","","","",""
"10' LT1 + 5 x 15'' HCSS + 6 x 1' LT2 torque","Bike","10' (85-95rpm) 5' (95-105rpm) 5' (105-115rpm) 5' (15'' Sprint sentado a máxima cadencia más de 120rpm + 45'' Z1) 10' 170W 1' Z1 6 x (1' @50-55rpm LT2 (205-220W) + 2' Z1 95rpm cadencia) 20' Z1","1.2125","","2025-06-26","Sesiones absolutamente esenciales para mejorar más adelante tus umbrales. Estas sesiones te darán muchas mejoras a nivel neuromuscular así como generás adaptaciones a nivel anaeróbico, importantes en este momento de la preparación.","30389.609375","132","451","642.038","","1.35836970806122","6.21400022506714","","74","","","","","","0.672355499533294","61.05","","","","","","","","","","","38","14","8","12","5","2","1","","","","",""
"Lap Swimming","Swim","Optional swim, focus on technique.","","1500","2025-06-27","","3100","","","","","0.947322781880697","0.905373831775701","","26","","123","157","","","0.818094967020018","51.87","55","3","0","0","0","0","","","","","","","","","","","","","","","",""
"8' uLT1 + 2 x 10 x 40'' @3:50/km - 20'' uLT1 + 8' uLT1","Run","WU: 3km progressive (6:00 a 5:15/km) + 2 x 200m (4:30/km) D: 1' andando + 2 x 15'' progresivo D: 1' andando + 8' 5:00/km + 1' muy suave + 2 bloques de 10 x 40'' 3:50/km - 20'' keep moving (not slower than 5:15/km) entre bloques 5' suave (5:45/km) después del segundo bloque + 8' 5:00/km + Cool down: +-5' suave","1.25","14000","2025-06-27","Check lactate after second block for sure and if you can after first and second block. We will warm up together we will do the first 8min together and then goodbye my friend :D","11641.7001953125","319","485","1094.871","","0.952295541763306","3.39599990844727","","169","","162","181","","","1.34756996087071","171.21","12","11","4","14","20","4","","","","","0","0","0","0","3","16","29","","","","",""
"1h30' easy cycling","Bike","155w; post running","1.5","","2025-06-27","","3407.93994140625","187","469","73.601","","0.10686083137989","8.85900020599365","","84","","","","","","0.840405786328443","7.07","","","","","","","","","","","1","1","1","2","1","0","1","","","","",""
"Road Cycling","Bike","","","","2025-06-27","","23866.01953125","142","483","498.789","","0.977168560028076","6.78399991989136","","76","","143","177","","","0.704427509514261","47.86","41","13","6","2","0","0","","","","","21","11","9","12","4","1","0","","","","",""
"5 x 10'' MAX + 7 x 7'","Bike","5 x 10'' MAX 7 x 7' LT1 (170-180w)","1.83888888888889","","2025-06-28","","44926.328125","144","651","973.307","","1.87700200080872","6.64900016784668","","76","","130","163","","","0.690723562921165","89.27","107","6","1","0","0","0","","","","","45","22","15","19","7","2","1","","","","",""
"","Swim","200 Crol (1rs filmar lateral + 2ns frontal) 200m Peus aletes bilaterals 200 SNK + Aletas máx long. braçada 8x50m Tecnica D.10"" 8 x 100 (50 Crol moderado + 50 Fuerte) D:30'' 4x25m Peus full D.20"" 100m suaus 4x25m Peus full D.20"" 100m suaus","","2200","2025-06-29","","","","","","","","","","","","","","","","","","","","","","","","","","","","","","","","","","","","","","",""
"8km 5:30/km","Run","","0.770277777777778","","2025-06-29","","10039.83984375","283","497","944.621","","0.926151692867279","3.01099991798401","","164","","137","146","","","1.17128859520405","126","56","0","0","0","0","0","","","","","0","0","0","0","1","44","10","","","","",""
"Lap Swimming","Swim","3 x 500 D: 1' 1a: nadar SNK + AL 2a: PB+PG 3a: nado sin material, mínimas brazadas Bebe y recupera bien + 4 x 100 progresivo D: 1' 2'00-1'55-1'50-A TOPE!","","2000","2025-06-30","","2375","","","","","0.758875558111403","0.867738399707709","","26","","121","142","","","0.78240759457012","36.35","46","0","0","0","0","0","","","","","","","","","","","","","","","",""
"team swim","Swim","","","2500","2025-07-01","","2600","","","","","0.809075836605496","0.887069259638349","","27","","123","162","","","0.803385752721397","41.95","46","3","0","0","0","0","","","","","","","","","","","","","","","",""
"6 x 10'' MAX + 6 x 8'","Bike","6 x 10'' MAX 6 x 8' LT1 (170-180w)","1.83333333333333","","2025-07-01","","42740.94140625","166","767","1020.336","","1.71347939968109","6.92899990081787","","81","","149","178","","","0.752799282845087","96.68","48","20","21","21","4","0","","","","","24","18","15","35","8","1","0","","","","",""
"5 x 25'' Sub-max + 7 x 4 LT1","Run","5 x 25'' Sub-max 7 x 4' @4:50/km Active rest HR esencial en esta sesión","1.04444444444444","","2025-07-02","","8434.33984375","270","581","762.162","","0.782973885536194","2.99200010299683","","157","","156","177","","","1.20655555415489","112.75","15","8","5","13","10","0","","","","","6","0","0","1","2","18","18","","","","3","5"
"1h30 LT0","Bike","Ideal post running o como segunda sesión del día.","1.5","","2025-07-02","","30577.259765625","158","519","677.523","","1.19749522209167","7.09299993515015","","76","","143","171","","","0.734091223464044","63.94","48","16","9","3","0","0","","","","","16","14","13","19","6","2","1","","","","",""
"Lap Swimming","Swim","","","","2025-07-02","","1200","","","","","0.368357222874959","0.900900900900901","","26","","120","153","","","0.814426815520423","19.9","22","0","0","0","0","0","","","","","","","","","","","","","","","",""
"team swim","Swim","","","2500","2025-07-03","","1502.98999023438","","","","","0.618905305862427","0.675000011920929","","29","","130","150","","","0.607116297112691","13.85","37","0","0","0","0","0","","","","","","","","","","","","","","","",""
"10km LT0","Run","","0.963055555555556","10000","2025-07-03","","8010.5400390625","292","407","745.673","","0.709213614463806","3.13700008392334","","162","","153","178","","","1.21469187683162","103.26","18","13","7","9","2","0","","","","","0","0","0","0","1","23","17","","","","",""
"Road Cycling","Bike","","","","2025-07-03","","17883.380859375","210","562","436.937","","0.578972518444061","8.57999992370605","","82","","151","177","","","0.989119658871783","55.44","14","5","4","10","5","0","","","","","6","2","2","7","6","5","4","","","","",""
"5' LT1 + 3' LT2 + 6 x 30-30 VO2","Bike","Openers para mañana.","1","","2025-07-04","","20013.060546875","123","721","404.033","","0.912145614624023","6.09499979019165","","67","","125","161","","","0.658429628184381","39.08","51","3","2","0","0","0","","","","","32","13","4","3","2","1","0","","","","",""
"Lap Swimming","Swim","300v 8 x 50 progresivo de la 1-4 D: 30'' 100s","","800","2025-07-04","Tocar agua para mañana","200","","","","","0.165591672261556","0.33500837520938","","29","","109","120","","","0.301947551571457","0.46","10","0","0","0","0","0","","","","","","","","","","","","","","","",""
"Open Water Swimming","Swim","","","","2025-07-05","","841.719970703125","","","","","0.293884456157684","0.796000003814697","","30","","149","160","","","0.716029678558006","10.79","10","9","0","0","0","0","","","","","","","","","","","","","","","",""
"Transition","Other","","","","2025-07-05","","288.049987792969","","","","","0.0610033348202705","1.31200003623962","","46","","159","177","","","0.817083639595957","4.2","1","1","0","1","0","0","","","","","","","","","","","","","","","",""
"Cycling","Bike","","","","2025-07-05","","58879.7109375","211","609","1737.877","","2.29158616065979","7.13700008392334","","76","","151","168","","","0.925469444401682","195.66","46","73","31","8","0","0","","","","","13","3","6","40","53","16","5","","","","",""
"Transition","Other","","","","2025-07-05","","107.459999084473","","","","","0.0176961123943329","1.68700003623962","","60","","155","160","","","0.807465169527454","1.09","0","1","0","0","0","0","","","","","","","","","","","","","","","",""
"Running","Run","","","","2025-07-05","","9946.150390625","357","476","910.659","","0.707218110561371","3.90700006484985","","174","","165","176","","","1.48382175238225","154.18","1","2","11","29","8","0","","","","","0","0","0","0","0","0","27","","","","",""
"Road Cycling","Bike","","","","2025-07-05","","58801.08984375","211","581","1735.066","","2.28997397422791","7.13299989700317","","76","","151","167","","","0.924731966524021","195.39","46","73","31","8","0","0","","","","","13","3","6","40","53","16","5","","","","",""
"Rest day","Day Off","Día de recuperación post competición","","","2025-07-06","","","","","","","","","","","","","","","","","","","","","","","","","","","","","","","","","","","","","","",""
"8km LT0","Run","","0.770277777777778","","2025-07-07","","9014.6201171875","284","542","845.962","","0.825500011444092","3.03299999237061","","162","","149","170","","","1.17602862881435","113.88","26","21","6","2","0","0","","","","","0","0","0","0","2","33","14","","","","",""
"Lap Swimming","Swim","","","2500","2025-07-07","","2525","","","","","0.79868861383862","0.874913374913375","","25","","133","159","","","0.79035808081214","39.43","43","5","0","0","0","0","","","","","","","","","","","","","","","",""
"6km LT0","Run","","0.577777777777778","","2025-07-08","","9012.75","288","525","830.286","","0.80095911026001","3.12599992752075","","164","","137","150","","","1.19885079708998","113.54","48","0","0","0","0","0","","","","","0","0","0","0","2","26","19","","","","",""
"6 x 10'' MAX + 5 x 9' LT1","Bike","6 x 10'' MAX 5 x 9' LT1 (170-180w)","1.75833333333333","","2025-07-09","","36867.8984375","151","565","777.12","","1.43426108360291","7.1399998664856","","73","","135","170","","","0.693490218513649","68.96","71","15","3","1","0","0","","","","","26","16","15","22","4","1","1","","","","",""
"","Swim","3x(100 nedar + 50 peus + 50 PB) 4x25 subaquatic aletes apnea D.20"" 100 peus bilateral aletes 8x50 crol + aletes màxima apnea possible a sortida i viratge D.15"" 4x50m Tecnica D.10"" 3x300 Locomotor (25F+25S+50F+50S+75F+75S) D.45"" 3x100 PB + SNK + Pales grans a l'abambraç nedant amb punys tancats. Hem de concentrar-nos en sentir que tota la força de remada la fem amb l'abambraç. 1x100 PB + SNK punys tancats 2x100 Transf. sense material focus tracció remada 100 suaus","","3000","2025-07-09","","","","","","","","","","","","","","","","","","","","","","","","","","","","","","","","","","","","","","",""
"14km E","Run","5:30/km","1.34805555555556","","2025-07-10","","12011.6396484375","299","457","1197.164","","1.11032116413116","3.00500011444092","","165","","141","159","","","1.24919626347206","172.25","54","17","0","0","0","0","","","","","0","0","0","0","2","29","34","","","","",""
"Lap Swimming","Swim","Team open water swim","","2000","2025-07-10","","1550","","","","","0.517747226291233","0.824468085106383","","24","","107","136","","","0.748434719343202","21.71","31","0","0","0","0","0","","","","","","","","","","","","","","","",""
"2h E","Bike","","2","","2025-07-11","","45629.828125","162","738","1044.734","","1.79887306690216","7.0460000038147","","72","","146","186","","","0.815482535414714","118.98","56","22","12","19","6","1","","","","","32","11","10","26","19","6","3","","","","",""
"Lap Swimming","Swim","200 variats 10x50m Técnica D.10"" 6x100m PG + Arrastre (samarreta o pantaló platja) moderate pace D.10"" 3x100m Trasnf. 1'45-1'50 D.15"" 100 suaus 4x100m PG + Arrastre (samarreta o pantaló platja) moderate pace D.10"" 2x100m Trasnf. 1'45-1'50 D.15"" 100 suaus 300m peus aletes (25F + 25S) 100m suaus","","2800","2025-07-11","Movilitat articular + gomes","2000","","","","","0.609561112444434","0.907852927825692","","26","","135","162","","","0.820262299861819","33.64","34","2","1","0","0","0","","","","","","","","","","","","","","","",""
"Fuerza","Strength","Realizar todos los ejercicios con un tempo lento: 4s excéntrico - 2s pausa - 4s concéntrico. No descanses entre ejercicios, el entrenamiento durará unos 30min 1. Box squat 2. Romanian deadlift (maintain neutral back) 3. Press banca inclinado 4. Abdominal curl 5. Leg press unilateral 6. Military press 7. Bicep curl 8. Calf raise","0.5","","2025-07-11","","","","","","","","","","","","","","","","","","","","","","","","","","","","","","","","","","","","","","",""
"Lap Swimming","Swim","20x50 Nedar amb aletes focus máxima amplitud braçada D: 15'' 2x 1x200 3'45 D.20"" 1x400 7'55 D.30"" 1x200 3'45 1r Bloc PG 2n Bloc sense material 300 SNK + Aletes focus rolido + amplitud braçada 100 suaus","","3000","2025-07-12","Movilitat articular + gomes","2000","","","","","0.652595559226142","0.847457627118644","","25","","113","149","","","0.766171318408767","29.35","39","0","0","0","0","0","","","","","","","","","","","","","","","",""
"4 x 30'' Sub-max + 8 x 4 LT1","Run","4 x 30'' Sub-max 8 x 4' @4:50/km Active rest HR esencial en esta sesión","1.13333333333333","","2025-07-12","","","","","","","","","","","","","","","","","","","","","","","","","","","","","","","","","","","","","","",""
"3h incl. 90min D2","Bike","incl. 90min D2 (150-160W)","3","","2025-07-13","","66082.671875","174","676","1552.368","","2.48887467384338","7.375","","75","","144","183","","","0.837422316217852","173.67","88","34","13","22","4","0","","","","","36","16","17","36","27","10","5","","","","",""
"Running","Run","","","","2025-07-13","","7295.18017578125","283","496","684.008","","0.6698277592659","3.02500009536743","","159","","150","172","","","1.2764365326933","107.79","18","6","3","13","3","0","","","","","6","0","0","1","0","10","19","","","","3","5"
"Open Water Swimming","Swim","","","","2025-07-13","","947.52001953125","","","","","0.408507496118546","0.643999993801117","","30","","129","150","","","0.579866972169519","7.96","25","0","0","0","0","0","","","","","","","","","","","","","","","",""
"2 x 10 x 30-30 VO2","Run","2 bloques de intervalos 30-30 3:45-3:55/km","1.13333333333333","","2025-07-14","","10225.0703125","338","541","1011.317","","0.830862760543823","3.41799998283386","","167","","159","181","","","1.4167459307693","164.96","11","13","8","13","9","2","","","","","0","0","0","0","1","6","31","","","","3","5"
"swim club","Swim","","","2500","2025-07-15","","2650","","","","","0.830543614493476","0.883333333333333","","26","","128","161","","","0.797670331140935","42.15","48","2","0","0","0","0","","","","","","","","","","","","","","","",""
"6 x 10'' MAX + 5 x 10' LT1","Bike","6 x 10'' MAX 5 x 10' LT1 (170-180w)","1.84166666666667","","2025-07-15","","45075.2109375","156","544","1000.229","","1.78629779815674","7.00899982452393","","71","","134","168","","","0.740913461343722","97.6","95","14","0","0","0","0","","","","","30","17","13","33","10","2","1","","","","",""
"Fuerza","Strength","Realizar todos los ejercicios con un tempo lento: 4s excéntrico - 2s pausa - 4s concéntrico. No descanses entre ejercicios, el entrenamiento durará unos 30min 1. Box squat 2. Romanian deadlift (maintain neutral back) 3. Press banca inclinado 4. Abdominal curl 5. Leg press unilateral 6. Military press 7. Bicep curl 8. Calf raise","0.5","","2025-07-16","","","","","","","","","","","","","","","","","","","","","","","","","","","","","","","","","","","","","","",""
"5 x 30'' Sub-max + 8 x 4 LT1","Run","5 x 30'' Sub-max 8 x 4' @4:50/km Active rest HR esencial en esta sesión","1.16666666666667","","2025-07-16","","11738.8203125","293","573","1125.419","","1.06683945655823","3.05599999427795","","163","","152","172","","","1.29928172371551","178.86","22","12","14","22","2","0","","","","","7","0","0","0","3","15","32","","","","4","5"
"Lap Swimming","Swim","","","","2025-07-16","","1900","","","","","0.59128555615743","0.888681010289991","","24","","107","142","","","0.80333435351756","30.65","36","0","0","0","0","0","","","","","","","","","","","","","","","",""
"","Swim","3x(100 nedar + 50 peus + 50 PB) 4x25 subaquatic aletes apnea D.20"" 100 peus bilateral aletes 8x50 crol + aletes màxima apnea possible a sortida i viratge D.15"" 4x50m Tecnica D.10"" 3x300 Locomotor (25F+25S+50F+50S+75F+75S) D.45"" 3x100 PB + SNK + Pales grans a l'abambraç nedant amb punys tancats. Hem de concentrar-nos en sentir que tota la força de remada la fem amb l'abambraç. 1x100 PB + SNK punys tancats 2x100 Transf. sense material focus tracció remada 100 suaus","","3000","2025-07-17","Adapta la sesión redondeando, siempre a la baja, por ejemplo, series de 300m, 15 piscinas x 19m = 285m. Te saldrán algo menos de 3km","","","","","","","","","","","","","","","","","","","","","","","","","","","","","","","","","","","","","",""
"14km E","Run","5:30/km","1.34805555555556","","2025-07-17","","12410.0498046875","309","436","1222.457","","1.09847271442413","3.13800001144409","","165","","145","160","","","1.28674120778239","181.3","47","21","1","0","0","0","","","","","0","0","0","0","0","18","45","","","","",""
"swim club (AAOO)","Swim","","","2500","2025-07-17","","3000","","","","","0.915250280367004","0.908265213442325","","26","","112","160","","","0.819447987166155","50.36","53","1","0","0","0","0","","","","","","","","","","","","","","","",""
"Open Water Swimming","Swim","","","","2025-07-17","","900.039978027344","","","","","0.352209717035294","0.709999978542328","","29","","138","162","","","0.63885231901279","9.18","19","2","0","0","0","0","","","","","","","","","","","","","","","",""
"2h E","Bike","Suave, suave no te ralles con watts/ritmo, id juntos si Andrea quiere hacer bici. Disfruta de la zona 1.","2","","2025-07-18","","32234.880859375","109","379","660.737","","1.68580758571625","5.31099987030029","","61","","112","152","","","0.555953066829423","51.83","101","0","0","0","0","0","","","","","57","28","8","5","2","1","0","","","","",""
"2h walk/run trail run","Run","Muy suave, id juntos simplemente acumular volumen, si os apetece correr suave en las bajadas adelante. No hace falta que metáis muchos hidratos de carbono en este entrenamiento :D","2","","2025-07-19","","15179.0595703125","292","417","1519.044","","1.44394910335541","2.92000007629395","","166","","136","164","","","1.21779267080765","212.95","80","6","1","1","0","0","","","","","0","0","0","0","4","48","32","","","","",""
"1900m continuos","Swim","100 piscinas, practica virajes por ejemplo cada 10 piscinas. Es un buen lugar para hacer esta práctica fuera del estrés de una piscina comercial o de club, a tu rollo :)","","1900","2025-07-19","","1505.31994628906","","","","","0.593769490718842","0.703999996185303","","28","","118","152","","","0.633798119395904","15.12","36","0","0","0","0","0","","","","","","","","","","","","","","","",""
"3h incl. 2 x 1h D2","Bike","incl. 2 x 1h D2 (150-160W)","3.16666666666667","","2025-07-20","","31216.880859375","104","451","644.863","","1.72880864143372","5.01599979400635","","58","","114","156","","","0.561431110851549","54.07","102","2","0","0","0","0","","","","","71","14","8","9","1","0","0","","","","",""
"Open Water Swimming","Swim","","","","2025-07-20","","735.869995117188","","","","","0.282319992780685","0.723999977111816","","28","","130","144","","","0.651627598057529","7.81","17","0","0","0","0","0","","","","","","","","","","","","","","","",""
"8km E + 5 x 15-20'' strides","Run","5:30/km","0.936944444444444","","2025-07-21","","8980.26953125","307","484","865.23","","0.782585859298706","3.18799996376038","","165","","154","173","","","1.27737317726362","126.2","15","18","10","11","0","0","","","","","0","0","0","0","1","15","28","","","","3","5"
"swim team","Swim","","","2500","2025-07-21","","2100","","","","","0.666005278693305","0.872093023255814","","25","","128","173","","","0.788282040391698","32.62","36","2","0","1","1","0","","","","","","","","","","","","","","","",""
"Lap Swimming","Swim","","","","2025-07-21","","1900","","","","","0.636906946632597","0.827165868524162","","25","","123","147","","","0.745791834288166","26.42","38","0","0","0","0","0","","","","","","","","","","","","","","","",""
"7 x 5' LT1","Run","7 x 5' LT1 4:50-4:55/km HR esencial en esta sesión","1.03333333333333","","2025-07-22","","10033.3203125","322","523","987.523","","0.850884199142456","3.27500009536743","","165","","153","171","","","1.34563360262987","150.45","19","16","9","13","1","0","","","","","0","0","0","0","1","7","39","","","","5","9"
"Rest day","Day Off","","","","2025-07-23","","","","","","","","","","","","","","","","","","","","","","","","","","","","","","","","","","","","","","",""
"Running","Run","","","","2025-07-23","","12013.919921875","297","408","1131.478","","1.05594861507416","3.16000008583069","","168","","146","167","","","1.23038024822149","158.71","41","25","0","1","0","0","","","","","0","0","0","0","0","27","36","","","","",""
"Fuerza","Strength","Realizar todos los ejercicios con un tempo lento: 4s excéntrico - 2s pausa - 4s concéntrico. No descanses entre ejercicios, el entrenamiento durará unos 30min 1. Box squat 2. Romanian deadlift (maintain neutral back) 3. Press banca inclinado 4. Abdominal curl 5. Leg press unilateral 6. Military press 7. Bicep curl 8. Calf raise","0.5","","2025-07-24","","","","","","","","","","","","","","","","","","","","","","","","","","","","","","","","","","","","","","",""
"swim team","Swim","","","2500","2025-07-24","","","","","","","","","","","","","","","","","","","","","","","","","","","","","","","","","","","","","","",""
"5 x 25'' Sub-max + 6 x 9' LT1","Bike","5 x 25'' Sub-max (95-98%) 6 x 9' LT1 (170-180w)","1.91805555555556","","2025-07-24","Importante apretar mucho en las de 25'' y controlar MUY BIEN la intensidad en las series de 9min, sin pasarse de 180w tratando de ir lo más constante posible.","38548.53125","151","580","883.14","","1.63055717945099","6.56699991226196","","70","","141","177","","","0.72822052550618","86.09","73","23","2","3","2","0","","","","","28","17","20","26","3","1","1","","","","",""
"3h incl. 2 x 1h D2","Bike","incl. 2 x 1h D2 (150-160W)","3.16666666666667","","2025-07-25","","66366.2421875","165","425","1511.29","","2.5526750087738","7.22200012207031","","71","","143","170","","","0.765196020024692","149.03","98","42","11","12","0","0","","","","","30","24","23","51","18","4","1","","","","",""
"CSS TEST (200 & 400m)","Swim","300 variado 4 x 50 (25n + 25prog) D: 20'' 200m A TOPE D: 5' 400m A TOPE! *Que alguien tome tiempo en el primer 100m del 400m así como al final del 400m. Suavizar 400m","","1500","2025-07-25","Calculadora CSS: https://www.swimsmooth.guru/css/calcsingle","1350","","","","","0.434230556488037","0.860969387755102","","28","","130","164","","","0.777236873262967","20.39","21","4","3","0","0","0","","","","","","","","","","","","","","","",""
"2 x 12 x 30-30 VO2","Run","2 bloques de intervalos 30-30 3:45-3:55/km","1.2","","2025-07-26","","","","","","","","","","","","","","","","","","","","","","","","","","","","","","","","","","","","","","",""
"1h E","Bike","","1","","2025-07-26","","19701.109375","217","607","503.887","","0.645808279514313","8.47399997711182","","75","","159","180","","","0.971186506252912","60.16","9","6","4","14","9","1","","","","","5","1","2","9","9","6","5","","","","",""
"Lap Swimming","Swim","","","","2025-07-26","","1000","","","","","0.329023611810472","0.8424599831508","","28","","119","143","","","0.759823888092286","14.43","20","0","0","0","0","0","","","","","","","","","","","","","","","",""
"14km E","Run","5:30/km","1.34805555555556","","2025-07-27","","4888.02978515625","353","508","438.904","","0.345586955547333","3.92899990081787","","176","","181","190","","","1.47676947614019","73.63","0","0","0","0","7","16","","","","","0","0","0","0","0","1","12","","","","",""
"Open Water Swimming","Swim","","","","2025-07-27","","838.97998046875","","","","","0.299636662006378","0.777999997138977","","30","","149","155","","","0.699997769674536","10.28","9","11","0","0","0","0","","","","","","","","","","","","","","","",""
"Transition","Other","","","","2025-07-27","","355.079986572266","","","","","0.0480938889086246","2.05100011825562","","58","","158","163","","","0.801088852615628","3.17","1","0","2","1","0","0","","","","","","","","","","","","","","","",""
"Cycling","Bike","","","","2025-07-27","","19534.490234375","225","677","427.191","","0.528231918811798","10.2720003128052","","79","","169","177","","","0.977430457762833","49.78","0","1","2","18","14","0","","","","","4","1","2","5","9","5","3","","","","",""
"Transition","Other","","","","2025-07-27","","134.309997558594","155","155","","","0.01245694514364","2.99499988555908","","94","","174","179","","","0.955531540135084","1.03","0","0","0","0","1","0","","","","","","","","","","","","","","","",""
"Road Cycling","Bike","","","","2025-07-27","","19559.810546875","228","666","425.7","","0.522746384143829","10.3940000534058","","79","","169","177","","","0.977948975155081","49.27","0","1","2","18","14","0","","","","","4","1","1","5","9","5","3","","","","",""
"AnC + LT1","Swim","300 variados 8x50 1:55/100m D.10"" 4x50 A tope! D.1:30"" 8x200 1:55/100m D:30'' 100 suaves","","2600","2025-07-28","","3050","","","","","0.954317777355512","0.882012724117987","","26","","120","149","","","0.994311236156926","93.81","58","0","0","0","0","0","","","","","","","","","","","","","","","",""
"Lap Swimming","Swim","","","","2025-07-28","","2450","","","","","0.744128891626994","0.910780669144981","","28","","140","172","","","1.02431478040809","79.97","34","9","3","2","0","0","","","","","","","","","","","","","","","",""
"LT1","Swim","800 (NPBT) 3x300 1:55/100m D.30"" 3x300 PB + PG 1:52/100m D:40'' 200 suaves","","2800","2025-07-29","","1600","","","","","0.509947222868602","0.866738894907909","","26","","124","150","","","0.976135873390256","47.43","31","0","0","0","0","0","","","","","","","","","","","","","","","",""
"12km E","Run","5:30/km","1.15555555555556","","2025-07-29","","10387.2802734375","288","372","1019.879","","0.98237556219101","2.93700003623962","","163","","147","159","","","1.19713169241291","139.66","43","22","0","0","0","0","","","","","0","0","0","0","5","29","25","","","","",""
"Fuerza","Strength","Realizar todos los ejercicios con un tempo lento: 4s excéntrico - 2s pausa - 4s concéntrico. No descanses entre ejercicios, el entrenamiento durará unos 30min 1. Box squat 2. Romanian deadlift (maintain neutral back) 3. Press banca inclinado 4. Abdominal curl 5. Leg press unilateral 6. Military press 7. Bicep curl 8. Calf raise","0.5","","2025-07-29","","","","","","","0.5","","","","","","","","","","","","","","","","","","","","","","","","","","","","","","","",""
"Lap Swimming","Swim","","","","2025-07-29","","2650","","","","","0.779010280238257","0.943060498220641","","28","","154","185","","","1.05832293277605","92.34","18","9","7","8","9","2","","","","","","","","","","","","","","","",""
"Kick","Swim","200 variados 1100 (50 crol + 50 Pies) 200 suaves","","1500","2025-07-30","","1250","","","","","0.401407500902812","0.863856254319281","","21","","122","150","","","0.968813208557969","36.5","24","0","0","0","0","0","","","","","","","","","","","","","","","",""
"5 x 25'' Sub-max + 6 x 10' LT1","Bike","5 x 25'' Sub-max (95-98%) 6 x 10' LT1 (170-180w)","2.01805555555556","","2025-07-30","Importante apretar mucho en las de 25'' y controlar MUY BIEN la intensidad en las series de 9min, sin pasarse de 180w tratando de ir lo más constante posible.","58030.7890625","172","653","1392.79","","2.25205302238464","7.15799999237061","","70","","145","181","","","0.814544882387756","148.96","90","34","10","8","2","0","","","","","25","20","22","49","13","3","1","","","","",""
"2h E","Bike","Post running","2","","2025-07-30","","50090.16015625","138","630","981.253","","1.99052667617798","6.98999977111816","","66","","137","181","","","0.767295607125369","116.43","82","12","7","12","11","1","","","","","58","14","9","18","10","5","4","","","","",""
"6 x 6' LT1","Run","6 x 6' LT1 4:50-4:55/km HR esencial en esta sesión","1.03333333333333","","2025-07-31","","9317.91015625","310","404","869.274","","0.777125239372253","3.33100008964539","","168","","162","178","","","1.28952345691273","127.76","6","9","3","21","14","0","","","","","0","0","0","0","0","11","34","","","","5","9"
"VO2","Swim","400 variados 4x100 (25 N + 25 waterpolo) D.15"" 200 pies AL 8x75m (1'19-1'21) D.15"" 2' rest 8x75m PB + PG (1'17-1'19) D.15"" 200 easy","","2400","2025-07-31","","2425","","","","","0.752499168184068","0.890561880279104","","26","","125","164","","","1.00258508758896","75.84","40","3","2","0","0","0","","","","","","","","","","","","","","","",""
"Open Water Swimming","Swim","","","","2025-07-31","","1707.86999511719","","","","","0.732010841369629","0.648000001907349","","29","","105","123","","","0.725859921446078","27.99","44","0","0","0","0","0","","","","","","","","","","","","","","","",""
"3h incl. 2 x 1h D2","Bike","incl. 2 x 1h D2 (150-160W)","3.16666666666667","","2025-08-01","","66238.859375","142","536","1388.892","","2.72686576843262","6.7480001449585","","66","","132","162","","","0.664863585079289","120.5","156","8","1","0","0","0","","","","","50","38","34","32","6","2","1","","","","",""
"2 x 12 x 30-30 VO2","Run","2 bloques de intervalos 30-30 3:45-3:55/km","1.2","","2025-08-01","","11064.9501953125","321","518","1071.287","","0.925340056419373","3.32200002670288","","170","","158","179","","","1.34509538374244","166.07","10","20","7","15","10","0","","","","","0","0","0","0","2","13","29","","","","4","5"
"strides + LT1","Swim","400 Crol 200 Al (25 apnea + 25 espalda) 200 PB respirar cada 3 brazadas 8x25 progre 1-4 de 28'' - 24'' D.10"" 4x D.30"" entre bloques 2x50 SNK + remadas D.10"" 300 PB + Pp 1:55/100m Transf. tec remadas 100 suaves","","2700","2025-08-01","","1725","","","","","0.556721667713589","0.857782197911487","","24","","115","157","","","0.963976611276355","49.87","33","1","0","0","0","0","","","","","","","","","","","","","","","",""
"8km E","Run","5:30/km","0.770277777777778","","2025-08-03","","8183.4599609375","283","396","794.008","","0.778470277786255","2.92000007629395","","167","","139","170","","","1.17740535252088","106.9","38","10","0","1","0","0","","","","","0","0","0","0","6","24","16","","","","",""
"LT1","Swim","800 (NPBT) 3x300 1:55/100m D.30"" 3x300 PB + PG 1:52/100m D:40'' 200 suaves","","2800","2025-08-04","","2150","","","","","0.672579723993937","0.88440970793912","","27","","120","147","","","0.994512419905954","66.16","41","0","0","0","0","0","","","","","","","","","","","","","","","",""
"5 x 7' LT1","Run","5 x 7' LT1 4:50-4:55/km HR esencial en esta sesión","1","","2025-08-04","","7508.06005859375","334","421","703.539","","0.585291385650635","3.56299996376038","","175","","160","173","","","1.3802315192546","109.83","2","9","9","19","1","0","","","","","0","0","0","0","0","0","32","","","","2","3"
"8km E","Run","5:30/km","0.770277777777778","","2025-08-05","","2197.82006835938","269","349","226.056","","0.233048066496849","2.61999988555908","","164","","132","141","","","1.12338552437948","28.85","14","0","0","0","0","0","","","","","0","0","0","0","4","8","2","","","","",""
"5 x 25'' Sub-max + 6 x 11' LT1","Bike","5 x 25'' Sub-max (95-98%) 6 x 11' LT1 (170-180w)","2.11805555555556","","2025-08-06","Importante apretar mucho en las de 25'' y controlar MUY BIEN la intensidad en las series de 9min, sin pasarse de 180w tratando de ir lo más constante posible.","57926.48828125","155","563","1245.824","","2.24063491821289","7.18100023269653","","69","","147","180","","","0.745655680734004","124.03","62","33","25","23","4","0","","","","","36","19","19","46","9","3","2","","","","",""
"VO2","Swim","400 variados 4x100 (25 N + 25 waterpolo) D.15"" 200 pies AL 8x75m (1'19-1'21) D.15"" 2' rest 8x75m PB + PG (1'17-1'19) D.15"" 200 easy","","2400","2025-08-06","","3000","","","","","0.925713057518005","0.897666068222621","","26","","131","160","","","1.00823179035171","94.88","53","4","1","0","0","0","","","","","","","","","","","","","","","",""
"Running","Run","","","","2025-08-06","","4470.72021484375","284","418","426.228","","0.416742205619812","2.98000001907349","","162","","149","166","","","1.18192398113825","57.04","12","12","3","1","0","0","","","","","0","0","0","0","2","15","8","","","","",""
"Rest day","Day Off","","","","2025-08-07","","","","","","","","","","","","","","","","","","","","","","","","","","","","","","","","","","","","","","",""
"10km E","Run","5:30/km + movilidad","0.963055555555556","","2025-08-08","","6768.7001953125","271","431","686.299","","0.699079155921936","2.69000005722046","","161","","131","159","","","1.1551470099965","93.28","41","1","0","0","0","0","","","","","1","0","0","1","12","15","11","","","","",""
"Running","Run","","","","2025-08-08","","10010.240234375","313","538","968.312","","0.859813034534454","3.23399996757507","","164","","151","191","","","1.31602846473338","147.89","35","17","1","1","1","2","","","","","0","0","0","0","0","6","42","","","","",""
"5 x (2'30 LT1 + 2' LT2a + 1'30 LT2b)","Run","5 x 2'30 @4:50-4:55/km 30'' jog 2' @4:40-4:45/km 35'' jog 1'30 @4:25-4:30/km 40'' jog + movilidad","1.0625","","2025-08-09","","11004.23046875","324","587","1040.889","","0.892903566360474","3.42300009727478","","167","","161","197","","","1.36576312343365","164.57","15","4","7","19","14","1","","","","","0","0","0","0","0","13","34","","","","3","5"
"8km E","Run","5:30/km + movilidad","0.770277777777778","","2025-08-10","","8054.240234375","286","354","772.732","","0.750629127025604","2.98099994659424","","163","","150","159","","","1.18014459968815","103.53","16","34","0","0","0","0","","","","","0","0","0","0","1","30","14","","","","",""
"LT2","Swim","1000m. Calentamiento. 2[200m. Crol PB + 12x25m.(8 estilos + 4 pies) D.5/10""] + 8x200m. Crol D.15""(Alternar una serie a 2:00/100m y una serie a 1:52/100m) + 100m. suaves","","2700","2025-08-11","","1522.92","","","","","0.551944444444444","0.899","","24","","117","144","","","0.597454212678069","21.5","33","0","0","0","0","0","","","","","","","","","","","","","","","",""
"E","Swim","600m. variados + 3x (2x100m. Crol D.10"" + 2x75m. estilos D.10"" + 2x50m. pies crol D.10"") + 600m. PB respiración bilateral (Cada/3,5,7,9…)","","2400","2025-08-12","Sesión foco técnica","1522.9200296402","","","","","0.470370281272464","0.898477893593037","","24","","119","144","","","1.00728587969672","48.07","28","0","0","0","0","0","","","","","","","","","","","","","","","",""
"8km E + 5 x strides","Run","5:30/km + 5 x 20'' strides + movilidad","0.936944444444444","","2025-08-12","","9147","292","499","871.224","","0.827598631381989","3.0699999332428","","167","","153","181","","","1.2164157212788","120.88","18","30","2","4","3","0","","","","","0","0","0","0","0","29","18","","","","3","5"
"5 x 8' LT1","Run","5 x 8' LT1 4:50-5:00/km No pasar de 165HR","1.08333333333333","","2025-08-13","","12012.75","327","452","1173.41","","0.997432231903076","3.34500002861023","","164","","159","176","","","1.34943014184502","181.08","13","6","11","35","2","0","","","","","0","0","0","0","0","1","58","","","","3","3"
"Lap Swimming","Swim","","","","2025-08-13","","1632.68003177643","","","","","0.504890003734165","0.89315100206588","","24","","114","150","","","1.00605061502135","51.41","30","0","0","0","0","0","","","","","","","","","","","","","","","",""
"Lap Swimming","Swim","","","","2025-08-13","","1015.28001976013","","","","","0.303983336024814","0.926350382992821","","25","","136","159","","","1.03908621823501","34.1","18","0","0","0","0","0","","","","","","","","","","","","","","","",""
"LT2","Swim","800m. NPTB (nadar, pies, técnica, brazos) + 1x1000m. Locomotor (50m FUERTE + 50m SUAVE siempre con el foco en deslizar y ser lo máximo eficiente posible) + 6x50m. pies aletas A3. D.10""+ 12x50m. Estilos D.10"" + 100m. Suaves","","2800","2025-08-14","","","","","","","","","","","","","","","","","","","","","","","","","","","","","","","","","","","","","","",""
"Rest day","Day Off","","","","2025-08-15","","","","","","","","","","","","","","","","","","","","","","","","","","","","","","","","","","","","","","",""
"Running","Run","","","","2025-08-15","","10011.4404296875","289","398","980.458","","0.941896617412567","2.95300006866455","","166","","142","154","","","1.19819848474031","133.84","55","2","0","0","0","0","","","","","0","0","0","0","2","31","22","","","","",""
"Lap Swimming","Swim","","","","2025-08-15","","1400","","","","","0.445585278934903","0.866336633663366","","26","","102","123","","","0.977490900499852","41.62","27","0","0","0","0","0","","","","","","","","","","","","","","","",""
"Road Cycling","Bike","","","","2025-08-16","","44975.26953125","200","723","1171.118","","1.63202285766602","7.65500020980835","","78","","164","184","","","0.881400579645136","126.05","9","15","10","47","14","12","","","","","9","6","10","36","26","8","3","","","","",""
"E","Swim","800m. NPTB (Nadar, Pies, Técnica i Brazos) + 400m. Crol/400m. Estilos + 8x25m. Pies crol. Prog 1-4/5-8/ D.10"" + 3x (200m. Crol Aletas 1:52/100m D.20"" + 4x25m. Estilos D.10) 100m. Suaves","","2000","2025-08-16","Opcional","","","","","","","","","","","","","","","","","","","","","","","","","","","","","","","","","","","","","",""
"3h Fatmax","Bike","","3","","2025-08-17","","59669.5390625","148","443","1354.393","","2.54525709152222","6.51200008392334","","74","","145","175","","","0.698276862407832","123.96","84","51","14","14","2","0","","","","","38","25","29","50","8","2","1","","","","",""
"Open Water Swimming","Swim","","","","2025-08-17","","1450.81994628906","","","","","0.516014993190765","0.781000018119812","","27","","147","177","","","0.874715292129675","34.54","17","9","1","1","4","0","","","","","","","","","","","","","","","",""
"8km E + 5 x strides","Run","5:30/km Respiración nasal tanto en inspiración como en expiración durante todo el rodaje. Si no puedes mantenerla, baja el ritmo ;-) + 5 x 20'' strides","0.936944444444444","","2025-08-18","","10013.76953125","308","519","948.934","","0.856350302696228","3.24799990653992","","169","","153","176","","","1.28495215355791","140.14","14","31","7","5","2","0","","","","","0","0","0","0","1","17","30","","","","2","3"
"E","Swim","Calentamiento (600m) 200m nado variado 4 x 50 (25 sculling frontal + 25 crol suave) 200 crol con tubo frontal + pullboy Técnica (700m) 6 x 50 (25m boca arriba con tabla encima de rodillas + 25m boca abajo tabla delante brazos extendidos) 4 x 20'' pies vertical + nadar 25m 6 x 50 nadar un brazo (25m nadar con derecho + 25m nadar con izquierdo, foco entrada, brazo contrario lateral cuerpo, cada dos brazadas respiras por lado contrario a brazo que trabaja). Bloque (800m) 8 x 100 D: 20'' aerobico ligero foco en entrada alineada 100 espalda 200 suave","","2400","2025-08-18","","1610","","","","","0.652917504840427","0.684232894177646","","25","","117","152","","","0.76715493944569","29.48","39","0","0","0","0","0","","","","","","","","","","","","","","","",""
"Road Cycling","Bike","","","","2025-08-18","","17186.490234375","107","436","333.921","","0.868683874607086","5.49599981307983","","62","","127","160","","","0.612944517563036","32.42","49","2","1","0","0","0","","","","","26","9","8","5","3","1","0","","","","",""
"5 x (3' LT1 + 2'30 LT2a + 1'30 LT2b)","Run","5 x 3' @4:50-4:55/km 30'' jog 2'30 @4:40-4:45/km 35'' jog 1'30 @4:25-4:30/km 40'' jog Practica respiración nasal durante calentamiento y vuelta a la calma ;-)","1.14583333333333","","2025-08-19","","12008.01953125","326","446","1151.788","","0.981408357620239","3.3989999294281","","174","","156","171","","","1.36071011771953","180.41","14","21","13","18","1","0","","","","","0","0","0","0","1","8","43","","","","3","3"
"1h30 E","Bike","Post running","1.5","","2025-08-19","","","","","","","","","","","","","","","","","","","","","","","","","","","","","","","","","","","","","","",""
"Lap Swimming","Swim","","","","2025-08-19","","2016","","","","","0.61175278150373","0.914285714285714","","25","","113","137","","","1.02525075318546","65.93","37","0","0","0","0","0","","","","","","","","","","","","","","","",""
"Lap Swimming","Swim","","","","2025-08-19","","2034","","","","","0.638855559560988","0.883579496090356","","26","","125","153","","","0.990521238376404","62.09","38","1","0","0","0","0","","","","","","","","","","","","","","","",""
"LT2","Swim","Calentamiento (500m) 300m nado variado 4 x 50 finger tip drag drill Técnica (400m) 8 x 25 aletas batido pies ''rápidos'' brazos al frente en tabla, cuerpo alineado. 4 x 50 (25 sculling frontal + 25 nado libre) Bloque (1000m) 10 x 100 D: 20'' 1-3 suaves 4 medio 5 fuerte Repetir 100 pies espalda 200 suave","","2200","2025-08-20","","1137.75","","","","","0.44782555103302","0.705999970436096","","27","","128","153","","","0.790411949139917","22.11","26","1","0","0","0","0","","","","","","","","","","","","","","","",""
"4 x 30'' Sub-max + 6 x 12' LT1","Bike","4 x 30'' Sub-max (95-98%) 6 x 12' LT1 (170-180w)","2.18333333333333","","2025-08-20","Importante apretar mucho en las de 30'' y controlar MUY BIEN la intensidad en las series de 12min, sin pasarse de 180w tratando de ir lo más constante posible.","44039.0703125","184","594","1194.598","","1.80260753631592","6.78599977493286","","77","","145","170","","","0.830145855987758","123.85","73","36","6","1","0","0","","","","","12","9","19","49","15","2","1","","","","",""
"Road Cycling","Bike","","","","2025-08-20","","15820.4501953125","118","593","349.455","","0.826221108436584","5.31899976730347","","67","","124","171","","","0.765239101603151","47.98","47","1","1","2","0","0","","","","","25","9","5","5","2","1","1","","","","",""
"Fuerza","Strength","Warm up: 3 rondas al siguiente circuito Anti extension (variante a escoger según nivel). Anti rotación (variante a escoger según nivel). Anti flexión lateral (variante a escoger según nivel). ejercicios en vídeo: https://www.youtube.com/watch?v=8k2tATXsrJk Pull ups: 3 x 5/90'' Push ups: 3 x 10/90'' Pogo jumps: 3 x 10-12/90'' Hop and stick side to side: 3 x 6/90'' Back squat (box): 3 x 6-8/120'' Single leg press: 3 x 6-8/120'' Seated isometric calf raises: 3 x 6-8/60''","1","","2025-08-21","","","","","","","","","","","","","","","","","","","","","","","","","","","","","","","","","","","","","","",""
"Endurance rest day","Day Off","","","","2025-08-21","","","","","","","","","","","","","","","","","","","","","","","","","","","","","","","","","","","","","","",""
"Open Water Swimming","Swim","","","","2025-08-21","","2191.46997070313","","","","","0.795026898384094","0.765999972820282","","26","","126","151","","","0.857569296004745","50.14","48","0","0","0","0","0","","","","","","","","","","","","","","","",""
"Cycling","Bike","","","","2025-08-21","","23324.8203125","165","693","714.764","","1.20838749408722","5.36199998855591","","73","","147","176","","","0.780941456501084","73.29","36","28","9","4","1","0","","","","","15","7","10","27","9","2","1","","","","",""
"Mountaineering","Walk","","","","2025-08-21","","1723.56005859375","","","","","0.54246997833252","0.883000016212463","","73","","121","150","","","0.371675158369903","8.18","33","0","0","0","0","0","","","","","","","","","","","","","","","",""
"Road Cycling","Bike","","","","2025-08-21","","17061.390625","158","395","327.49","","0.576863050460815","8.21599960327148","","78","","142","177","","","0.806687583139656","37.02","25","5","1","2","4","0","","","","","9","4","6","8","5","2","2","","","","",""
"Other","Other","","","","2025-08-21","","1723.56","","","","","0.988055555555556","0.883","","","","121","150","","","0.597849083874797","39.11","59","0","0","0","0","0","","","","","","","","","","","","","","","",""
"8km E + 5 x strides","Run","5:30/km Respiración nasal tanto en inspiración como en expiración durante todo el rodaje. Si no puedes mantenerla, baja el ritmo ;-) + 5 x 20'' strides","0.936944444444444","","2025-08-22","","10016.740234375","311","540","957.252","","0.85637891292572","3.24900007247925","","172","","162","183","","","1.30396489323178","144.45","3","11","9","24","9","2","","","","","0","0","0","0","1","15","29","","","","4","5"
"E + V","Swim","Calentamiento (600m) 200m nado variado 4 x 50 (25 nado un brazo + 25 libre 200 crol con tubo frontal + pullboy Técnica (500m) 6 x 50 pies aletas brazo flecha con tuba 4 x 50 codo alto en recobro + finger tip drag foco en entrada Velocidad (150m) 6 x 20'' batido vertical 30'' descanso! + 25m a tope! 90'' descanso Bloque (900m) 3 x 300 nado snorkel foco estabilidad en nado y entrada D: 45'' 100 espalda 200 suave","","2450","2025-08-22","","","","",""," *08/22/2025 David Sabat: DNF fatiga muevo sesion*","","","","","","","","","","","","","","","","","","","","","","","","","","","","","","","","",""
"LT2","Swim","Calentamiento (500m) 200m nado variado 4 x 50 drill a escoger 100 pullboy suave Técnica (600m) 4 x 50 pies crol tabla ''pies rápidos'' 4 x 50 un brazo brazo contrario lateral cuerpo foco entrada y respirar cada 3 brazadas por lado contrario brazo que mueve 4 x 50 libre con SNK entrada alineada Bloque (1000m) 5 x 200 1 suave 2 medio 3 medio-fuerte 4 medio 5 fuerte D: 25'' 100 pies espalda 200 suave","","2400","2025-08-23","","1900","","","","","0.611807501051161","0.860117700316886","","24","","111","165","","","0.966171729008731","55.18","36","0","0","0","0","0","","","","","","","","","","","","","","","",""
"5 x 9' LT1","Run","5 x 9' LT1 4:50-5:00/km No pasar de 165HR Esencial mirar el pulsómetro ;-)","1.1875","","2025-08-23","","7158.22998046875","293","453","678.867","","0.643866121768951","3.08800005912781","","168","","163","182","","","1.23258661753714","97.22","2","9","10","14","8","2","","","","","0","0","0","0","2","22","12","","","","6","9"
"4 x 30'' Sub-max + 5 x 15' LT1","Bike","4 x 30'' Sub-max (95-98%) 5 x 15' LT1 (170-180w)","2.20833333333333","","2025-08-24","Importante apretar mucho en las de 30'' y controlar MUY BIEN la intensidad en las series de 12min, sin pasarse de 180w tratando de ir lo más constante posible.","30083.9609375","182","576","756.468","","1.15633451938629","7.22700023651123","","80","","156","182","","","0.861631984818666","85.1","13","33","18","11","3","1","","","","","10","5","10","32","8","2","0","","","","",""
"Fuerza","Strength","Warm up: 3 rondas al siguiente circuito Anti extension (variante a escoger según nivel). Anti rotación (variante a escoger según nivel). Anti flexión lateral (variante a escoger según nivel). ejercicios en vídeo: https://www.youtube.com/watch?v=8k2tATXsrJk Pull ups: 3 x 5/90'' Push ups: 3 x 10/90'' Pogo jumps: 3 x 10-12/90'' Hop and stick side to side: 3 x 6/90'' Back squat (box): 3 x 6-8/120'' Single leg press: 3 x 6-8/120'' Seated isometric calf raises: 3 x 6-8/60''","1","","2025-08-25","","","","","","","1","","","","","","","","","","","","","","","","","","","","","","","","","","","","","","","",""
"7km E + 6 x strides","Run","5:30/km Respiración nasal tanto en inspiración como en expiración durante todo el rodaje. Si no puedes mantenerla, baja el ritmo ;-) + 6 x 20'' strides","0.874166666666667","","2025-08-25","","12096.580078125","264","550","1201.436","","1.26411843299866","2.65799999237061","","160","","137","181","","","1.1048991580686","152.76","71","0","1","2","2","0","","","","","0","0","0","0","35","35","4","","","","",""
"E","Swim","Calentamiento (600m) 200m nado variado 4 x 50 (25 sculling frontal + 25 crol suave) 200 crol con tubo frontal + pullboy Técnica (700m) 6 x 50 (25m boca arriba con tabla encima de rodillas + 25m boca abajo tabla delante brazos extendidos) 4 x 20'' pies vertical + nadar 25m 6 x 50 nadar un brazo (25m nadar con derecho + 25m nadar con izquierdo, foco entrada, brazo contrario lateral cuerpo, cada dos brazadas respiras por lado contrario a brazo que trabaja). Bloque (1000m) 10 x 100 D: 20'' aerobico ligero foco en entrada alineada 100 espalda 200 suave","","2400","2025-08-26","","1300","","",""," *08/26/2025 David Sabat: Jet lag me ha matado, he llegado de volar y intentar hacer el entreno y ha sido mala idea*","0.420715831120809","0.854139290407359","","25","","108","134","","","0.961324520085168","37.38","25","0","0","0","0","0","","","","","","","","","","","","","","","",""
"Glyco.cap TEST 8 x 50","Swim","200 swim 150 kick 100 pull 8 x 50 crol D: 1' Comentarios: Tan rápido como puedas, necesito que me des tiempos de cada 50m, si puedes que alguien los tome mejor, así tenemos tiempos a la décima de segundo. 4 x 100 D: 30'' Impar: pullboy Par: espalda 200 CH","","1450","2025-08-27","","1300","","","","","0.376793331570095","0.951683748169839","","28","","127","161","","","1.07338535626182","46.6","21","1","0","0","0","0","","","","","","","","","","","","","","","",""
"LT2","Swim","Calentamiento (500m) 300m nado variado 4 x 50 finger tip drag drill Técnica (400m) 8 x 25 aletas batido pies ''rápidos'' brazos al frente en tabla, cuerpo alineado. 4 x 50 (25 sculling frontal + 25 nado libre) Bloque (1500m) 15 x 100 D: 20'' 1-3 suaves 4 medio 5 fuerte Repetir 100 pies espalda 200 suave","","2700","2025-08-27","","1800","","","","","0.576556945376926","0.864553314121037","","30","","137","169","","","0.971283070111831","52.83","26","7","3","1","0","0","","","","","","","","","","","","","","","",""
"5 x (3' LT1 + 3' LT2a + 2' LT2b)","Run","5 x 3' @4:50-4:55/km 30'' jog 3' @4:40-4:45/km 45'' jog 2' @4:25-4:30/km 45'' jog Practica respiración nasal durante calentamiento y vuelta a la calma ;-)","1.16666666666667","","2025-08-27","","12009.830078125","328","585","1152.825","","0.974060535430908","3.42499995231628","","169","","168","186","","","1.38484548877198","185.6","5","9","8","16","19","9","","","","","0","0","0","0","0","11","36","","","","3","5"
"4 x 30'' Sub-max + 5 x 15' LT1","Bike","4 x 30'' Sub-max (95-98%) 5 x 15' LT1 (170-180w)","2.20833333333333","","2025-08-28","Importante apretar mucho en las de 30'' y controlar MUY BIEN la intensidad en las series de 12min, sin pasarse de 180w tratando de ir lo más constante posible.","160065.578125","150","530","3850.424","","7.15378999710083","6.21500015258789","","76","","","","","","0.701703731809028","353.35","","","","","","","","","","","109","89","75","116","28","8","3","","","","",""
"7km E + 6 x strides","Run","5:30/km Respiración nasal tanto en inspiración como en expiración durante todo el rodaje. Si no puedes mantenerla, baja el ritmo ;-) + 6 x 20'' strides","0.874166666666667","","2025-08-29","","8549.4404296875","284","545","800.866","","0.783456683158875","3.03099989891052","","161","","137","155","","","1.19263608963311","110.31","38","11","0","0","0","0","","","","","0","0","0","0","7","23","14","","","","3","5"
"LT2","Swim","Calentamiento (500m) 200m nado variado 4 x 50 drill a escoger 100 pullboy suave Técnica (600m) 4 x 50 pies crol tabla ''pies rápidos'' 4 x 50 un brazo brazo contrario lateral cuerpo foco entrada y respirar cada 3 brazadas por lado contrario brazo que mueve 4 x 50 libre con SNK entrada alineada Bloque (1400m) 7 x 200 1 suave 2 medio 3 medio-fuerte 4-5 medio 6-7 fuerte D: 25'' 100 pies espalda 200 suave","","2800","2025-08-30","","","","","","","","","","","","","","","","","","","","","","","","","","","","","","","","","","","","","","",""
"5 x 9' LT1","Run","5 x 9' LT1 4:50-5:00/km No pasar de 165HR Esencial mirar el pulsómetro ;-)","1.1875","","2025-08-30","","10008.9404296875","324","435","941.002","","0.805867254734039","3.45000004768372","","169","","163","176","","","1.34962339778883","145.33","3","7","7","30","9","0","","","","","0","0","0","0","0","5","40","","","","2","5"
"3h Fatmax incl. 2 x (40-20)","Bike","Series 40-20 trata de hacerlas siempre por encima de 300w.","3.01666666666667","","2025-08-30","","54082.30078125","139","420","1277.536","","2.55817317962646","5.87200021743774","","71","","","","","","0.696688045770677","123.58","","","","","","","","","","","50","28","27","35","12","2","0","","","","",""
"7km E + 6 x strides","Run","5:30/km Respiración nasal tanto en inspiración como en expiración durante todo el rodaje. Si no puedes mantenerla, baja el ritmo ;-) + 6 x 20'' strides","0.874166666666667","","2025-09-01","","9132.91015625","305","659","892.53","","0.812636911869049","3.12199997901917","","165","","156","188","","","1.27502526430913","130.85","11","22","9","6","4","4","","","","","0","0","0","0","1","18","26","","","","3","5"
"E1","Swim","800: 200 crl + 200 PB + 200 espalda + 200 tabla pies 20 x 100 (impar crol a 1:55 - par pies rápido) c/2'10 crol y c/3' pies 200s","","3000","2025-09-01","","2700","","","","","0.851400557623969","0.876623376623377","","28","","134","181","","","0.986609642756419","81.77","43","4","3","2","0","1","","","","","","","","","","","","","","","",""
"10 x 200 LT1 -> LT2","Swim","900: 300 crl + 300 pies + 300 PB 10 x 200 3 crol a 3'50 c/4'10 3 crol Pp a 3'45 c/4'10 3 crol PG a 3'40 c/4'10 1 crol a sub 3'40 100s","","3000","2025-09-02","","1750","","","","","0.561386666827732","0.862919132149901","","24","","116","145","","","0.969820761011258","51.21","34","0","0","0","0","0","","","","","","","","","","","","","","","",""
"Lap Swimming","Swim","","","","2025-09-02","","3000","","","","","0.933796105914646","0.888362451880367","","27","","110","149","","","0.999504417957645","93.24","56","0","0","0","0","0","","","","","","","","","","","","","","","",""
"Road Cycling","Bike","","","","2025-09-02","","27887.759765625","149","401","644.845","","1.20346975326538","6.43699979782104","","76","","143","163","","","0.717711995654824","61.43","48","22","7","0","0","0","","","","","18","10","11","25","6","1","0","","","","",""
"5 x (3' LT1 + 3' LT2a + 2' LT2b)","Run","5 x 3' @4:50-4:55/km 30'' jog 3' @4:40-4:45/km 45'' jog 2' @4:25-4:30/km 45'' jog Practica respiración nasal durante calentamiento y vuelta a la calma ;-)","1.16666666666667","","2025-09-03","","11468.169921875","318","530","1080.324","","0.941104173660278","3.38499999046326","","168","","159","177","","","1.32085884712406","161.59","12","12","8","25","7","0","","","","","0","0","0","0","0","9","45","","","","3","5"
"Fuerza","Strength","Warm up: 3 rondas al siguiente circuito Anti extension (variante a escoger según nivel). Anti rotación (variante a escoger según nivel). Anti flexión lateral (variante a escoger según nivel). ejercicios en vídeo: https://www.youtube.com/watch?v=8k2tATXsrJk Pull ups: 3 x 5/90'' Push ups: 3 x 10/90'' Pogo jumps: 3 x 10-12/90'' Hop and stick side to side: 3 x 6/90'' Back squat (box): 3 x 6-8/120'' Single leg press: 3 x 6-8/120'' Seated isometric calf raises: 3 x 6-8/60''","1","","2025-09-03","","","","","","","1","","","","","","","","","","","","","","","","","","","","","","","","","","","","","","","",""
"7km E + 6 x strides","Run","5:30/km Respiración nasal tanto en inspiración como en expiración durante todo el rodaje. Si no puedes mantenerla, baja el ritmo ;-) + 6 x 20'' strides","0.874166666666667","","2025-09-04","","12050.8203125","338","517","1149.38","","0.942022502422333","3.55299997329712","","171","","165","180","","","1.41911765306491","189.67","7","5","4","19","29","1","","","","","0","0","0","0","1","4","36","","","","",""
"V + LT1","Swim","900: 300 crl + 300 pies + 300 PB 2 bloques 4 x 50 PIES A TOPE (crono ?) D: 1'30 pasivo 4 x 100 PB crol a 1:55 c/2'10 D: 3' entre bloques 100s","","2200","2025-09-04","","2000","","","","","0.714944726096259","0.777060848590351","","24","","137","164","","","1.74061630084239","377.03","32","10","3","0","0","0","","","","","","","","","","","","","","","",""
"5 x 10' LT1","Run","5 x 10' LT1 4:50-5:00/km No pasar de 165HR Esencial mirar el pulsómetro ;-)","1.27083333333333","","2025-09-05","","8504.8798828125","294","502","817.81","","0.771470010280609","3.06200003623962","","167","","155","176","","","1.22288239388723","113.43","8","33","8","3","2","0","","","","","0","0","0","0","1","30","13","","","","",""
"activación","Run","","0.622222222222222","","2025-09-06","","5485.77978515625","288","498","520.169","","0.500278651714325","3.0460000038147","","159","","153","188","","","1.21581107214721","72.69","14","13","1","1","3","1","","","","","0","0","0","0","1","22","5","","","","2","5"
"1h30 E bike PM","Bike","Si puedes suelta piernas en bici por la tarde","1.5","","2025-09-06","","43681.53125","147","465","939.645","","1.77590882778168","6.83199977874756","","77","","154","182","","","0.795041444287383","111.47","42","12","7","20","23","13","","","","","38","9","8","24","17","7","3","","","","",""
"WARM UP","Run","WITH NORMAL RUNNING SHOES 10' easy E1, start form jogging (!) + 4' smooth E2 + 30"" very easy E1 (!) + 2' a 3' as smooth as possible Z2 a LT1 (not too fast) + 30"" a 1' very easy E1 jog + 30"" around race pace + 2' E1 jog + dynamic stretch (hips, back, shoulders, legs, unlock/mobilise everything...) Between 30' and 15' before the start: cafeine gums or cafeine pills +-1h before the start in case you are used to it WITH RACE SHOES + a few smooth strides of +-20"", with after every rep +-1' AR jog","0.35","","2025-09-07","","3734.63989257813","289","489","352.269","","0.338293612003326","3.06699991226196","","161","","147","174","","","1.22738211809392","49.67","12","3","2","3","2","0","","","","","0","0","0","1","2","7","8","","","","2","5"
"10km race","Run","Ritmo primer km: 4:05/km No te pases en el primer km, a partir de ahí, busca estabilizarte sobre 3:58-4:02/km Si haces bien el pacing, llegarás con fuerza al último 2mil y ahí podrás recuperar los segundos que necesitas para el sub 40. Mucha suerte!","","10000","2025-09-07","","10045.2998046875","378","475","907.229","","0.66693502664566","4.18400001525879","","179","","188","197","","","1.56644850448785","161.83","1","0","0","1","1","24","","","","","0","0","0","0","0","0","16","","","","",""
"Lap Swimming","Swim","","","","2025-09-07","","1200","","","","","0.392492778566149","0.844475721323012","","27","","123","149","","","0.951185228673994","33.78","24","0","0","0","0","0","","","","","","","","","","","","","","","",""
"1h30 E","Bike","Recovery day","1.5","","2025-09-08","","24151.73046875","105","710","429.494","","1.14348495006561","5.86700010299683","","69","","118","158","","","0.643945197117477","46.97","67","2","0","0","0","0","","","","","36","13","8","7","2","1","1","","","","",""
"E","Swim","40 x 50m D: 20'' Alterna 10 crol buscando máxima distancia por brazada DPS y 10 trabajo técnico.","","2000","2025-09-08","","1350","","",""," *09/07/2025 David Sabat: 🧪 Bloque de diagnóstico 1. Pies streamline con tuba (25 m × 2) Brazos delante, mirada abajo, solo pies. 👉 Si ya aparece tijera → fallo base de patada / movilidad tobillo. 2. Pies streamline con rolido suave (25 m × 2) Igual que el anterior, pero introduces rolido lento de cadera-tronco (20–30°). 👉 Si aparece aquí → problema de core / glúteo medio al transferir la rotación. 3. Nado con un brazo (25 m derecho + 25 m izquierdo × 2) Un brazo extendido delante, el otro hace toda la brazada. Usa tuba para no complicar con respiración. 👉 Si aparece tijera al tirar → fallo de timing brazo–pierna / coordinación. 4. Pies con tabla + respiración lateral (25 m × 2 cada lado) Patada con tabla, cada 3–4” respiras lateral. 👉 Si aparece tijera al respirar → problema de coordinación respiración–patada. 5. 6 patadas + 1 brazada (25 m × 4) Mantén un brazo delante, haces 6 patadas, luego una brazada, vuelves a 6 patadas. 👉 Si aquí se descontrola → tu patada no aguanta el eje sin “ayuda” de brazos → déficit de estabilidad estática. 6. Patada vertical (3 × 20’’) En zona profunda, brazos cruzados en pecho. Variante: un brazo arriba. 👉 Si abres piernas → falta de fuerza y control en patada. 🧊 Vuelta a la calma (5’) 100 m espalda suave. 50 m crol relajado. 📋 Cómo analizar: Apunta en qué ejercicio aparece la tijera. Si es en los de pies → problema físico (fuerza/movilidad). Si es en los de brazo/respiración → problema de coordinación/timing. Si es en todos → combinación de ambos.*","0.492488324907091","0.758426966292135","","26","","127","157","","","0.85281209474201","30.55","29","1","0","0","0","0","","","","","","","","","","","","","","","",""
"Lap Swimming","Swim","","","","2025-09-08","","2050","","","","","0.619751111136542","0.913954525189478","","25","","118","154","","","1.02908694525481","67.54","37","1","0","0","0","0","","","","","","","","","","","","","","","",""
"Fabian swimming","Swim","","","2500","2025-09-09","","2050","","","","","0.61394138958719","0.92467298150654","","27","","130","165","","","1.03882518526176","68.83","33","4","1","1","0","0","","","","","","","","","","","","","","","",""
"Test torque (4-min)","Bike","20' E 5 x (15'' LT2 power 110-120rpm + 1'45 E) 5 x (30'' LT2 power 50-60rpm + 1'30 E) 5' E 4' 50-55rpm all out MAX power always at 50-60rpm What data do I need? Torque: The most important data i need is your avg torque during the 4-min test. Cadence and power 10' E 5 x 6' low LT1 (210-215 W) Lactate combustion Easy cool down","2.00833333333333","","2025-09-09","Install those data fields for the test: - Torque: https://apps.garmin.com/es-ES/apps/22672990-2633-43e6-8977-9f3d4a1f48d5 - Torque avg lap: https://apps.garmin.com/es-ES/apps/accc501a-cf75-4821-955d-6ab9e8867c44 This second data field is very important, when you finish the test you MUST remember the number of average torque because I can't see that in training peaks.","41011.46875","166","435","936.743"," *09/09/2025 David Sabat: 47.7 test*","1.56979775428772","7.25699996948242","","77","","142","184","","","0.767760657022456","92.38","72","17","3","2","2","2","","","","","17","13","20","31","6","4","3","","","","",""
"Lap Swimming","Swim","","","","2025-09-09","","2050","","","","","0.646147228082021","0.87719298245614","","26","","137","169","","","0.987047146624638","62.14","35","3","1","0","0","0","","","","","","","","","","","","","","","",""
"2 x 400 PG + 4 x 100 (prog) + 2 x 400 PG","Swim","400v + 2 x 400 PG+PB D: 30'' eficiencia, mínimas brazadas + 4 x 100 crl (50 easy + 50 progresivo terminando fuerte) D: 20'' + 2 x 400 PG + PB D: 30'' objetivo mismas brazadas primeras dos series, mismo ritmo + 200s","","","2025-09-10","","1950","","","","","0.593219167921278","0.911214953271028","","25","","134","156","","","1.02266868549192","63.45","35","1","0","0","0","0","","","","","","","","","","","","","","","",""
"Lap Swimming","Swim","","","","2025-09-10","","1500","","","","","0.513244165844387","0.806885422270038","","24","","116","143","","","0.909248848253167","38.58","31","0","0","0","0","0","","","","","","","","","","","","","","","",""
"15-12-10-8-6' LT1","Run","20' jog 15-12-10-8-6' LT1 D: 1' CD: +-10' easy jog","1.43333333333333","","2025-09-11","","14726.150390625","311","431","1373.098","","1.22550976276398","3.33800005912781","","166","","162","183","","","1.29581419194643","203.95","8","13","19","24","19","2","","","","","0","0","0","0","4","15","51","","","","4","5"
"1h30 E bike PM","Bike","Si puedes suelta piernas en bici por la tarde","1.5","","2025-09-11","","30134.619140625","106","442","562.464","","1.48126113414764","5.65100002288818","","69","","118","158","","","0.539854750001109","42.84","89","0","0","0","0","0","","","","","48","23","11","5","1","0","0","","","","",""
"Fabian swimming","Swim","","","2500","2025-09-11","","2050","","","","","0.615333333545261","0.921348314606742","","27","","138","182","","","1.0364752614704","68.52","23","6","4","5","1","0","","","","","","","","","","","","","","","",""
"HIDDT LT1 -> VO2max","Bike","","3","","2025-09-12","","65153.12109375","170","454","1547.459","","2.52755904197693","7.15999984741211","","77","","144","173","","","0.768800014905325","149.17","120","23","11","7","1","0","","","","","22","22","36","50","15","4","3","","","","",""
"E1 -> D2 (30')","Run","T2 progresiva de E1 -> D2","0.5","","2025-09-12","","5004.85986328125","300","387","453.299","","0.418795257806778","3.3199999332428","","167","","160","178","","","1.24605020621664","63.83","3","10","5","6","6","0","","","","","0","0","0","0","0","9","16","","","","3","5"
"E1","Swim","800: 200 crl + 200 PB + 200 espalda + 200 tabla pies 20 x 100 (impar crol a 1:55 - par pies rápido) c/2'10 crol y c/3' pies 200s","","3000","2025-09-13","","1900","","","","","0.562798056999842","0.930460333006856","","19","","100","153","","","1.05030766144112","65.21","34","0","0","0","0","0","","","","","","","","","","","","","","","",""
"30' E1 + 6 x 15'' strides","Run","Si estás muy cansado del día anterior, tómate el día de descanso.","0.7","","2025-09-13","","3391.6298828125","323","606","328.418","","0.281731933355331","3.34400010108948","","164","","154","185","","","1.43219092073322","55.44","7","3","1","4","3","2","","","","","0","0","0","0","1","3","8","","","","2","5"
"Running","Run","","","","2025-09-13","","4652.89013671875","397","563","422.808","","0.295827239751816","4.36899995803833","","178","","179","201","","","1.67604694239759","80.79","2","1","0","2","0","2","","","","","0","0","0","0","0","1","5","","","","",""
"10' E1 + 30 E2 + 20' D2 + 10' LT1 + 10' E1","Run","","1.33333333333333","","2025-09-14","","14007.009765625","308","427","1370.325","","1.23453962802887","3.15199995040894","","168","","157","179","","","1.28511827962467","202.36","20","27","13","13","10","0","","","","","0","0","0","0","1","20","49","","","","3","5"
"Fuerza","Strength","Plank: 3 x 30s Hamstring long lever: 3 x 6r Glute extension prone: 3 x 6r Box jump: 3 x 6r Single leg intensive pogo: 3 x 10r Single leg step up: 3 x 10r Calf raise: 3 x 12r Calf isometric seated: 3 x 45'' Press banca: 2 x 8r Tracción vertical: 2 x 8r","0.75","","2025-09-14","Hamstring long lever: https://www.youtube.com/watch?v=KH14QLgRfh0&list=PL4GlVXncW8LntghM5tqZGLEpkETc2u5Yd&index=171 Prone glute extension: https://www.youtube.com/shorts/v9TZuW50RDU Box jump: https://www.youtube.com/watch?v=XWBO7mCfBVg&list=PL4GlVXncW8LntghM5tqZGLEpkETc2u5Yd&index=74 Single leg intensive pogo: https://www.youtube.com/watch?v=ccnp3v0ysEI&list=PL4GlVXncW8LntghM5tqZGLEpkETc2u5Yd&index=243 Single leg step up: https://www.youtube.com/watch?v=9jBIydnyWM0 Calf raise: https://www.youtube.com/watch?v=aR8GvApn8AM&list=PL4GlVXncW8LntghM5tqZGLEpkETc2u5Yd&index=6 Calf isometric seated: https://www.youtube.com/watch?v=mQk4jL5y7yI&list=PL4GlVXncW8LntghM5tqZGLEpkETc2u5Yd&index=11","","","","","","0.75","","","","","","","","","","","","","","","","","","","","","","","","","","","","","","","",""
"Lap Swimming","Swim","","","","2025-09-14","","1650","","","","","0.487757499317328","0.933257918552036","","22","","124","164","","","1.05243555260924","56.86","27","2","0","0","0","0","","","","","","","","","","","","","","","",""
"1h30 E1","Bike","","1.5","","2025-09-15","Dia de recuperación, después de varios días de run seguidos.","46599.328125","136","430","963.5","","1.97368824481964","6.55800008773804","","78","","143","178","","","0.693151789518047","94.25","80","26","6","8","5","0","","","","","49","22","14","18","10","3","1","","","","",""
"TEC","Swim","200 crl + 200 pies + 200 PB resp/c3 400m bloque técnica 8 x 50 prog 1-4 de 58 a 49'' c/1'10 400m SNK nado DPS (mínimas brazadas, buena técnica) 8 x 25 prog 1-4 de 28 a 23'' c/40'' 200s","","2200","2025-09-15","","4000","","","","","1.1515375023418","0.959692898272553","","24","","124","158","","","1.08068077844943","145.34","67","3","0","0","0","0","","","","","","","","","","","","","","","",""
"Lap Swimming","Swim","","","","2025-09-15","","1000","","","","","0.272220277786255","1.01522842639594","","26","","120","152","","","1.14286530614517","40.64","16","1","0","0","0","0","","","","","","","","","","","","","","","",""
"Fuerza","Strength","Plank: 3 x 30s Hamstring long lever: 3 x 6r Glute extension prone: 3 x 6r Box jump: 3 x 6r Single leg intensive pogo: 3 x 10r Single leg step up: 3 x 10r Calf raise: 3 x 12r Calf isometric seated: 3 x 45'' Press banca: 2 x 8r Tracción vertical: 2 x 8r","0.75","","2025-09-16","Hamstring long lever: https://www.youtube.com/watch?v=KH14QLgRfh0&list=PL4GlVXncW8LntghM5tqZGLEpkETc2u5Yd&index=171 Prone glute extension: https://www.youtube.com/shorts/v9TZuW50RDU Box jump: https://www.youtube.com/watch?v=XWBO7mCfBVg&list=PL4GlVXncW8LntghM5tqZGLEpkETc2u5Yd&index=74 Single leg intensive pogo: https://www.youtube.com/watch?v=ccnp3v0ysEI&list=PL4GlVXncW8LntghM5tqZGLEpkETc2u5Yd&index=243 Single leg step up: https://www.youtube.com/watch?v=9jBIydnyWM0 Calf raise: https://www.youtube.com/watch?v=aR8GvApn8AM&list=PL4GlVXncW8LntghM5tqZGLEpkETc2u5Yd&index=6 Calf isometric seated: https://www.youtube.com/watch?v=mQk4jL5y7yI&list=PL4GlVXncW8LntghM5tqZGLEpkETc2u5Yd&index=11","","","","","","0.75","","","","","","","","","","","","","","","","","","","","","","","","","","","","","","","",""
"Fabian swimming","Swim","","","2500","2025-09-16","","2000","","","","","0.558393889533149","0.99009900990099","","25","","130","172","","","1.1143070042232","77.26","30","2","0","1","0","0","","","","","","","","","","","","","","","",""
"Lap Swimming","Swim","","","","2025-09-16","","3000","","","","","0.875249169667562","0.950570342205323","","26","","149","168","","","1.06636300344944","106.13","24","27","8","1","0","0","","","","","","","","","","","","","","","",""
"Power profile 2","Bike","2 x 5s sprint low resistance from stand still 15s sprint MAX EFFORT high resistance from stand still (sacar muestra de lactato) 4min MAX EFFORT 20min D2 20min MAX EFFORT","1.49027777777778","","2025-09-17","High carb breakfast 3h pre and the day before high carb day","17574.560546875","135","745","371.653","","0.769450843334198","6.34499979019165","","77","","143","183","","","0.73068405797235","40.84","35","4","2","3","1","2","","","","","22","10","6","4","1","1","1","","","","",""
"T2: progesión E1 -> D2","Run","T2 progresiva de E1 -> D2","0.833333333333333","","2025-09-17","","8390.75","318","426","821.337","","0.716808319091797","3.25200009346008","","166","","173","186","","","1.31677538974383","122.92","1","1","3","14","15","15","","","","","0","0","0","0","0","4","36","","","","3","5"
"Road Cycling","Bike","","","","2025-09-17","","1407.42004394531","319","487","76.992","","0.0669638887047768","5.83799982070923","","82","","180","193","","","1.32190742639572","10.28","0","0","0","0","0","3","","","","","0","0","0","0","0","1","3","","","","",""
"Road Cycling","Bike","","","","2025-09-17","","6170.77001953125","106","391","107.871","","0.284496396780014","6.02500009536743","","71","","139","158","","","0.533846140789225","7.89","14","4","0","0","0","0","","","","","9","4","3","1","0","0","0","","","","",""
"Road Cycling","Bike","","","","2025-09-17","","5805.97998046875","256","434","308.214","","0.333647221326828","4.83400011062622","","72","","185","190","","","1.11122269560961","40.27","0","0","0","1","1","18","","","","","0","0","0","2","8","9","2","","","","",""
"Road Cycling","Bike","","","","2025-09-17","","6166.89013671875","34","272","20.693","","0.177282497286797","9.66300010681152","","57","","121","170","","","0.32241634111375","1.75","10","0","0","0","0","0","","","","","10","0","0","0","0","0","0","","","","",""
"Road Cycling","Bike","","","","2025-09-17","","9844.009765625","129","294","225.439","","0.487631678581238","5.60799980163574","","74","","146","167","","","0.597254567539037","17.31","18","9","3","2","0","0","","","","","11","8","6","4","0","0","0","","","","",""
"Lap Swimming","Swim","","","","2025-09-17","","1850","","","","","0.505289999643962","1.01258894362343","","25","","125","148","","","1.13905985861803","74.68","30","0","0","0","0","0","","","","","","","","","","","","","","","",""
"5 x (2' LT1 + 4' LT2a + 2' LT2b)","Run","5 x 2' @4:50-4:55/km 30'' jog 4' @4:40-4:45/km 45'' jog 2' @4:25-4:30/km 45'' jog Practica respiración nasal durante calentamiento y vuelta a la calma ;-)","1.20833333333333","","2025-09-18","","12394.8701171875","329","464","1188.434","","1.00289165973663","3.43300008773804","","169","","168","185","","","1.37399488228557","187.91","3","10","5","14","22","14","","","","","0","0","0","0","0","9","40","","","","4","5"
"Fabian swimming","Swim","","","2500","2025-09-18","","2100","","","","","0.542908890876505","1.06870229007634","","25","","140","176","","","1.20339405803164","94.61","21","7","4","3","1","0","","","","","","","","","","","","","","","",""
"Lap Swimming","Swim","","","","2025-09-18","","1800","","","","","0.505561390502585","0.983069361004915","","25","","116","169","","","1.1076795232391","68.71","30","0","0","0","0","0","","","","","","","","","","","","","","","",""
"Rest day","Day Off","You can swim today, but no bike or run.","","","2025-09-19","","","","","","","","","","","","","","","","","","","","","","","","","","","","","","","","","","","","","","",""
"Lap Swimming","Swim","","","","2025-09-19","","1000","","","","","0.285083056555854","0.970873786407767","","25","","129","157","","","1.09129990000005","37.05","16","1","0","0","0","0","","","","","","","","","","","","","","","",""
"Open Water Swimming","Swim","","","","2025-09-19","","716.27001953125","","","","","0.2511186003685","0.791999995708466","","31","","134","162","","","0.887387717616068","17.55","11","3","2","0","0","0","","","","","","","","","","","","","","","",""
"Running","Run","","","","2025-09-19","","5007.60986328125","278","365","475.563","","0.475205272436142","2.92700004577637","","163","","135","152","","","1.15230499293801","62.07","28","1","0","0","0","0","","","","","0","0","0","0","4","19","5","","","","",""
"Activación","Swim","300v 8 x 50 progresivo de la 1-4 D: 30'' 100s","","800","2025-09-20","Tocar agua para mañana","639.619995117188","","","","","0.240138322114944","0.740000009536743","","32","","146","164","","","0.828659439348218","13.66","8","7","1","0","0","0","","","","","","","","","","","","","","","",""
"30' E1 + 6 x 15'' strides","Run","Si estás muy cansado del día anterior, tómate el día de descanso.","0.7","","2025-09-20","","7372.1298828125","293","560","702.749","","0.666738092899323","3.07100009918213","","164","","149","170","","","1.2258891646965","99.05","23","17","2","1","0","0","","","","","0","0","0","0","3","20","15","","","","2","5"
"Open Water Swimming","Swim","","","","2025-09-21","","1623.19995117188","","","","","0.576446115970612","0.782000005245209","","30","","155","175","","","0.876049862031387","38.76","3","27","5","3","0","0","","","","","","","","","","","","","","","",""
"Transition","Other","","","","2025-09-21","","670.690002441406","","","","","0.0729955509305","2.55200004577637","","70","","172","185","","","0.925680983176896","6.44","0","1","0","1","2","1","","","","","","","","","","","","","","","",""
"Cycling","Bike","","","","2025-09-21","","35613.80078125","216","621","858.395","","1.10652029514313","8.9399995803833","","83","","169","180","","","0.929063601106727","94.88","0","2","4","36","30","2","","","","","7","1","3","19","21","8","4","","","","",""
"Transition","Other","","","","2025-09-21","","106.389999389648","","","","","0.0154191665351391","1.91700005531311","","91","","171","177","","","0.893363218006382","1.22","0","0","0","0","1","0","","","","","","","","","","","","","","","",""
"Running","Run","","","","2025-09-21","","9845.169921875","353","450","871.626","","0.684976100921631","3.99300003051758","","177","","180","188","","","1.4610615572318","144.61","0","0","0","0","14","30","","","","","0","0","0","0","0","0","33","","","","",""
"Road Cycling","Bike","","","","2025-09-21","","35685.78125","216","611","856.339","","1.10648059844971","8.95899963378906","","83","","169","180","","","0.927288346448918","94.35","0","2","4","37","30","2","","","","","8","1","3","19","21","8","4","","","","",""
"50' E1","Run","<5:30/km","0.833333333333333","","2025-09-22","","7776.25","283","443","747.316","","0.734298884868622","2.94199991226196","","164","","142","160","","","1.20135896775581","104.82","38","6","1","0","0","0","","","","","0","0","0","1","10","19","11","","","","",""
"TEC","Swim","200 crl + 200 pies + 200 PB resp/c3 400m bloque técnica 8 x 50 prog 1-4 de 58 a 49'' c/1'10 400m SNK nado DPS (mínimas brazadas, buena técnica) 8 x 25 prog 1-4 de 28 a 23'' c/40'' 200s","","2200","2025-09-22","","2000","","","","","0.571768335766263","0.968054211035818","","25","","115","148","","","1.08824183379855","73.69","34","0","0","0","0","0","","","","","","","","","","","","","","","",""
"Lap Swimming","Swim","","","","2025-09-22","","2050","","","","","0.562987501041757","1.00490196078431","","26","","127","187","","","1.13284535908458","81.85","27","5","1","1","0","1","","","","","","","","","","","","","","","",""
"Fabian swimming","Swim","","","2500","2025-09-23","","2325","","","","","0.643100281630953","0.999140524280189","","25","","132","160","","","1.12475978318483","91.51","37","3","0","0","0","0","","","","","","","","","","","","","","","",""
"15' D2 + 8 x 10' LT1","Bike","15' D2 160w 8 x 10' LT1 (185-195W)","2","","2025-09-24","","41800.19140625","184","749","1100.542","","1.66476333141327","6.97499990463257","","76","","146","177","","","0.827030678187965","113.05","76","22","4","4","1","0","","","","","11","8","19","44","11","4","2","","","","",""
"T2: 30' E1","Run","<5:30/km","0.5","","2025-09-24","","403.059997558594","298","400","42.506"," *09/24/2025 David Sabat: Fallida debido a ampolla, me voy a intentar poner una tirita y hacerla esta tarde running out of time this morning*","0.0395022183656693","2.83400011062622","","165","","118","152","","","1.30139683815093","5.31","2","1","0","0","0","0","","","","","0","0","0","0","0","1","1","","","","",""
"Running","Run","","","","2025-09-24","","4050.48999023438","257","339","371.575","","0.400215297937393","2.81100010871887","","167","","139","155","","","1.07145863455068","44.97","20","5","0","0","0","0","","","","","0","0","0","0","13","9","2","","","","",""
"1h40' E1","Run","60g carbs during run 500mg sodium Enough water","1.66666666666667","","2025-09-25","","16009.3896484375","277","399","1507.724","","1.51126086711884","2.94300007820129","","165","","154","170","","","1.15758335238803","201.31","24","40","16","21","0","0","","","","","0","0","0","2","15","51","21","","","","3","5"
"3h Fatmax incl. 2 x (40-20)","Bike","Series 40-20 trata de hacerlas siempre por encima de 300w.","3.01666666666667","","2025-09-26","","90018.53125","174","582","1758.821"," *09/26/2025 David Sabat: no completado como planeado, me he venido arriba por dos ironmans que me han convencido para hacer con ellos la vuelta al circuito… He pensado que era lo mejor, quizás no lo mejor fisiológicamente pero en cuanto a lo que he sentido, y psicológicamente me ha dado un toque de conocer cómo va la gente para un IM de preparada, y como respondo a ciertos estímulos como; -Cuando estoy en plano me es muy fácil mantener una potencia “alta” 200-210w -Cuando toca repecho y la gente aprieta algo más para cancelar la subida rápida 350-450w, me quedo atrás porque no tengo capacidad de aguantar esos watts durante un tiempo prolongado de tiempo. Me ha dado la capacidad de conocerme a mí y reconocer que en plano o moviendo una potencia estable no es un problema, el problema recae a la parte del umbral de arriba o entre umbrales, lo que ya hablamos. Pero es de esas cosas que aunque ya sabía no lo tenía interiorizado, hoy sí!*","2.82004475593567","8.86699962615967","","75","","","","","","0.809887685809348","184.95","","","","","","","","","","","39","17","19","51","25","9","6","","","","",""
"45' E1 + 6 x strides","Run","45' E1 <5:30/km + 6 x 20'' strides","0.95","","2025-09-27","","9390.4697265625","290","531","871.337","","0.833937525749207","3.12800002098083","","164","","152","179","","","1.21313138210041","121.58","22","20","12","2","3","1","","","","","0","0","0","0","2","30","15","","","","3","5"
"AEC","Swim","200 crl + 200 pies + 200 PB resp/c3 400m bloque técnica 4 x 50 prog 1-4 de 47 a 40'' c/1' 8 x 100m D: 20'' 1a: 98% 2a: suave 3a: 100% 4-8a: suave 4 x 150 SNK + AL DPS (mínimas brazadas)","","2600","2025-09-27","Tiempo 100s?","2000","","","","","0.611128608915541","0.904977375565611","","28","","129","159","","","1.01815266564982","64.5","33","4","0","0","0","0","","","","","","","","","","","","","","","",""
"LT2: 2 x 28' (2'-2') + 1 x 28'","Bike","90g/h carbs (ratio 2:1) 250mg sodio cada hora Suficiente hidratación ÚLTIMA SERIE DE 28min: 60-65 cadencia","2.71666666666667","","2025-09-28","","20.7900009155273","","","","","0.00116194447036833","4.96999979019165","","","","70","74","","","0.580572442374652","0.04","0","0","0","0","0","0","","","","","","","","","","","","","","","",""
"T2: 50' E1","Run","<5:30/km 30g carbs intra run 250mg sodio Suficiente hidratación","0.833333333333333","","2025-09-28","","9533.9404296875","296","392","888.628","","0.833437502384186","3.17799997329712","","171","","159","176","","","1.23433778625946","125.76","6","16","9","21","5","0","","","","","0","0","0","0","2","25","21","","","","3","5"
"Road Cycling","Bike","","","","2025-09-28","","65803.2265625","196","420","1671.14","","2.36995720863342","7.71299982070923","","76","","155","175","","","0.861844642176171","174.61","44","39","19","54","3","0","","","","","15","6","12","53","41","11","3","","","","",""
"AEC","Swim","300 variado 300m bloque técnico 2 x 3 x 200 1:55 C/4'10 + 4 x 25 98% velocidad máxima C/45'' Sin descanso extra entre bloques 300s","","2300","2025-09-29","","2000","","","","","0.629483336342706","0.879120879120879","","29","","137","172","","","0.98846496213439","60.8","27","5","3","4","1","0","","","","","","","","","","","","","","","",""
"6 x 10'' Neuromusc.","Bike","1h easy warm up 2 x 20'' SUB-MAX sprint desde semi parado 6 x 10'' MAX sprint 6min rest We keep working on that neuromusclar adaptations.","1.52777777777778","","2025-09-29","","35623.01171875","152","688","796.79","","1.45647525787354","6.79400014877319","","72","","137","185","","","0.799667278938543","92.11","72","11","2","3","2","1","","","","","30","18","13","15","5","2","2","","","","",""
"Fabian swimming","Swim","","","2500","2025-09-30","","2325","","","","","0.578294447499017","1.10872675250358","","26","","143","184","","","1.25080456238439","113.17","25","6","3","3","0","0","","","","","","","","","","","","","","","",""
"Fuerza","Strength","Plank: 3 x 30s Hamstring long lever: 3 x 6r Glute extension prone: 3 x 6r Box jump: 3 x 6r Single leg intensive pogo: 3 x 10r Single leg step up: 3 x 10r Calf raise: 3 x 12r Calf isometric seated: 3 x 45'' Press banca: 2 x 8r Tracción vertical: 2 x 8r","0.75","","2025-09-30","Hamstring long lever: https://www.youtube.com/watch?v=KH14QLgRfh0&list=PL4GlVXncW8LntghM5tqZGLEpkETc2u5Yd&index=171 Prone glute extension: https://www.youtube.com/shorts/v9TZuW50RDU Box jump: https://www.youtube.com/watch?v=XWBO7mCfBVg&list=PL4GlVXncW8LntghM5tqZGLEpkETc2u5Yd&index=74 Single leg intensive pogo: https://www.youtube.com/watch?v=ccnp3v0ysEI&list=PL4GlVXncW8LntghM5tqZGLEpkETc2u5Yd&index=243 Single leg step up: https://www.youtube.com/watch?v=9jBIydnyWM0 Calf raise: https://www.youtube.com/watch?v=aR8GvApn8AM&list=PL4GlVXncW8LntghM5tqZGLEpkETc2u5Yd&index=6 Calf isometric seated: https://www.youtube.com/watch?v=mQk4jL5y7yI&list=PL4GlVXncW8LntghM5tqZGLEpkETc2u5Yd&index=11","","","","","","0.75","","","","","","","","","","","","","","","","","","","","","","","","","","","","","","","",""
"Lap Swimming","Swim","","","","2025-09-30","","1100","","","","","0.378252225451999","0.805270863836018","","22","","120","151","","","0.904746090557108","28.01","23","0","0","0","0","0","","","","","","","","","","","","","","","",""
"15' D2 + 3 x 20' LT1","Bike","15' D2 160w 3 x 20' LT1 (185-195W)","2","","2025-10-01","","48614.30859375","192","429","1219.88","","1.76755464076996","7.6399998664856","","77","","156","174","","","0.827080093764138","120.63","25","39","28","29","2","0","","","","","9","4","12","54","23","3","1","","","","",""
"16 x 400 LT2 r.act:45''","Run","Ritmo de 10km en las series de 400","1.07","","2025-10-01","","10837.7802734375","357","507","1036.685","","0.80613774061203","3.73399996757507","","172","","175","194","","","1.50963322942847","181.96","3","3","4","8","9","26","","","","","0","0","0","0","1","5","21","","","","3","5"
"Fabian swimming","Swim","","","2500","2025-10-02","","2175","","","","","0.560708334975772","1.07513593672763","","22","","128","175","","","1.20680686277992","98.55","27","6","1","0","0","0","","","","","","","","","","","","","","","",""
"40' E1 + 5 x strides","Run","<5:30/km","0.833333333333333","","2025-10-02","","9265.6201171875","286","511","859.783","","0.833525836467743","3.08800005912781","","163","","147","173","","","1.19693358486653","118.33","35","16","1","1","1","0","","","","","0","0","0","0","3","33","11","","","","3","5"
"3 x 10' LT1","Run","3 x 10' LT1 (4:50/km)","0.966666666666667","","2025-10-03","60g hidratos 500mg sodio","","","","","","","","","","","","","","","","","","","","","","","","","","","","","","","","","","","","","",""
"ANC","Swim","400 crol + 400 pies AL 400m bloque técnica 3 x (4 x 25 ALL OUT C/1'10'') 300 SNK ALETAS DPS entre bloques 300s","","2700","2025-10-04","","2300","","","","","0.702748342413041","0.904799370574351","","23","","128","159","","","1.01822446581452","74.19","39","4","0","0","0","0","","","","","","","","","","","","","","","",""
"Running","Run","","","","2025-10-04","","11003.6298828125","320","485","1024.778","","0.88831502199173","3.44099998474121","","169","","157","176","","","1.32886550889122","155.68","11","22","14","12","3","0","","","","","0","0","0","0","0","5","44","","","","",""
"Road Cycling","Bike","","","","2025-10-05","","75690.9609375","182","557","1828.894","","2.79654407501221","7.51800012588501","","73","","","","","","0.829388856242951","192.28","","","","","","","","","","","24","16","20","63","31","9","3","","","","",""
"ANC","Swim","400 crol + 400 pies AL 400m bloque técnica 3 x (4 x 25 ALL OUT C/1'10'') 300 SNK ALETAS DPS entre bloques 300s","","2700","2025-10-06","","2200","","","","","0.631264724731445","0.963644327639071","","25","","116","145","","","1.08424313545418","80.46","38","0","0","0","0","0","","","","","","","","","","","","","","","",""
"3 x 15' LT1","Run","3 x 15' LT1 (4:50/km)","1.21666666666667","","2025-10-06","60g hidratos 500mg sodio","12623.0302734375","318","493","1183.763","","1.03401410579681","3.39100003242493","","168","","159","178","","","1.33360123326305","182.41","12","7","12","23","17","0","","","","","0","0","0","0","3","8","45","","","","3","5"
"Road Cycling","Bike","","","","2025-10-06","","24917.630859375","113","576","472.77","","1.16722249984741","5.92999982833862","","66","","113","156","","","0.607766389576519","42.97","70","0","0","0","0","0","","","","","39","15","8","5","1","1","1","","","","",""
"Fabian swimming","Swim","","","2500","2025-10-07","","2300","","","","","0.642098335160149","0.989672977624785","","23","","141","168","","","1.1144018234794","88.86","27","9","3","2","0","0","","","","","","","","","","","","","","","",""
"1h30' E1","Bike","","1.5","","2025-10-07","","28165.609375","152","472","661.753","","1.21299934387207","6.44999980926514","","70","","134","174","","","0.702744554175812","59.59","70","3","0","0","0","0","","","","","19","13","14","21","4","1","1","","","","",""
"RDD1: 18 x 400 Z4 r.act:45''","Run","3:50-3:55/km ritmo 10km","1.16666666666667","","2025-10-08","","12115.3603515625","352","586","1161.247","","0.916069209575653","3.67400002479553","","173","","171","191","","","1.49517959760485","202.94","7","5","6","5","12","25","","","","","0","0","0","0","1","8","20","","","","3","5"
"Lap Swimming","Swim","","","","2025-10-08","","1500","","","","","0.435721945232815","0.952380952380952","","27","","138","166","","","1.07101942367699","53.53","20","4","2","1","0","0","","","","","","","","","","","","","","","",""
"Fabian swimming","Swim","","","2500","2025-10-09","","2050","","","","","0.525003057685163","1.07781282860147","","25","","143","171","","","1.21480773957748","94.12","19","10","3","1","0","0","","","","","","","","","","","","","","","",""
"1h30' E1","Bike","","1.5","","2025-10-09","","30613.220703125","166","494","726.201","","1.21256995201111","7.01300001144409","","74","","140","166","","","0.759273740134217","69.57","58","16","1","1","0","0","","","","","13","9","14","27","7","2","1","","","","",""
"40' E1","Run","<5:30/km","0.666666666666667","","2025-10-09","","7016.14013671875","283","439","668.038","","0.653922498226166","2.98000001907349","","163","","144","159","","","1.19822556695594","92.39","29","12","1","0","0","0","","","","","0","0","0","0","8","18","11","","","","2","5"
"Open Water Swimming","Swim","","","","2025-10-09","","1133.75","","","","","0.437694996595383","0.720000028610229","","30","","132","154","","","0.805863043822473","22.91","25","2","0","0","0","0","","","","","","","","","","","","","","","",""
"RAA3: 1h Z1a","Run","Rodaje de resistencia básica, esencial no pasarse de ritmo.","1","","2025-10-10","","10437.6103515625","275","405","990.711","","1.00004839897156","2.8989999294281","","163","","145","167","","","1.15451886320341","132.47","48","9","2","3","0","0","","","","","0","0","0","3","10","34","13","","","","",""
"Fuerza","Strength","Plank: 3 x 30s Hamstring long lever: 3 x 6r Glute extension prone: 3 x 6r Box jump: 3 x 6r Single leg intensive pogo: 3 x 10r Single leg step up: 3 x 10r Calf raise: 3 x 12r Calf isometric seated: 3 x 45'' Press banca: 2 x 8r Tracción vertical: 2 x 8r","0.75","","2025-10-10","Hamstring long lever: https://www.youtube.com/watch?v=KH14QLgRfh0&list=PL4GlVXncW8LntghM5tqZGLEpkETc2u5Yd&index=171 Prone glute extension: https://www.youtube.com/shorts/v9TZuW50RDU Box jump: https://www.youtube.com/watch?v=XWBO7mCfBVg&list=PL4GlVXncW8LntghM5tqZGLEpkETc2u5Yd&index=74 Single leg intensive pogo: https://www.youtube.com/watch?v=ccnp3v0ysEI&list=PL4GlVXncW8LntghM5tqZGLEpkETc2u5Yd&index=243 Single leg step up: https://www.youtube.com/watch?v=9jBIydnyWM0 Calf raise: https://www.youtube.com/watch?v=aR8GvApn8AM&list=PL4GlVXncW8LntghM5tqZGLEpkETc2u5Yd&index=6 Calf isometric seated: https://www.youtube.com/watch?v=mQk4jL5y7yI&list=PL4GlVXncW8LntghM5tqZGLEpkETc2u5Yd&index=11","","","","","","","","","","","","","","","","","","","","","","","","","","","","","","","","","","","","","",""
"3500m race pace","Swim","Race pace cruise simulation.","1.1225","3500","2025-10-11","","4039.47998046875","","","","","1.47036576271057","0.763000011444092","","29","","144","166","","","0.854703732163885","91.81","67","22","3","2","0","0","","","","","","","","","","","","","","","",""
"T1 (max 20-30min)","Other","Post travesía comer bien + BICI","","","2025-10-11","","","","","","","","","","","","","","","","","","","","","","","","","","","","","","","","","","","","","","",""
"3 x 30' HALF PACE","Bike","3 x 30' @210-225w 100g hidratos la hora Hidratación on point + sodioum/potasio (226ers sub9 pastillas recomendadas), 1 pastilla cada hora + 1 pastilla pre bici pos travesía","2.25","","2025-10-11","","48759.19921875","204","599","1250.368","","1.70168948173523","7.95900011062622","","76","","151","167","","","0.897625077588368","136.23","37","45","25","8","0","0","","","","","11","4","6","31","36","11","3","","","","",""
"3 x 20' HALF PACE","Bike","3 x 20' @210-225w 90g hidratos la hora Hidratación on point + sodioum/potasio (226ers sub9 pastillas recomendadas), 1 pastilla cada hora","1.75","","2025-10-12","","43086.37109375","178","559","1095.014","","1.7102872133255","6.9980001449585","","72","","142","165","","","0.827140429591569","116.33","57","40","10","3","0","0","","","","","18","9","9","33","27","4","1","","","","",""
"T2: 4 x 10' LT1 + 1km 98%","Run","4 x 10' LT1 4:50/km + 1km 98% tiempo?","0.998888888888889","","2025-10-12","","11090.8095703125","333","534","1058.617","","0.882375836372375","3.4909999370575","","170","","158","192","","","1.3971328926244","171.43","10","17","10","18","2","2","","","","","0","0","0","0","0","5","39","","","","4","5"
"Rest day","Day Off","","","","2025-10-13","","","","","","","","","","","","","","","","","","","","","","","","","","","","","","","","","","","","","","",""
"Lap Swimming","Swim","","","","2025-10-13","","1600","","","","","0.493300280041165","0.89938167509837","","24","","125","144","","","1.00907661705815","50.69","30","0","0","0","0","0","","","","","","","","","","","","","","","",""
"Fabian swimming","Swim","","","2500","2025-10-14","","1750","","","","","0.456100834425953","1.05996365838886","","21","","116","167","","","1.19369315587787","77.58","25","2","1","1","0","0","","","","","","","","","","","","","","","",""
"Lap Swimming","Swim","","","","2025-10-14","","1600","","","","","0.58865416208903","0.75223319228961","","24","","115","148","","","0.845620076839773","35.59","35","0","0","0","0","0","","","","","","","","","","","","","","","",""
"20 x 400 LT2 r.act:45''","Run","3:50-3:55/km ritmo 10km","1.25","","2025-10-15","","13123.0498046875","337","473","1195.365","","0.983500003814697","3.70600008964539","","173","","166","187","","","1.42630483516568","198.7","7","7","6","15","14","16","","","","","0","0","0","0","4","8","23","","","","4","5"
"ANC","Swim","400 crol + 400 pies AL + 400 PB crol respirar c/3 2 x (6 x 25 ALL OUT C/60'') 500 SNK ALETAS DPS entre bloques 300s","","2300","2025-10-15","","1700","","","","","0.545398055182563","0.863821138211382","","26","","105","137","","","0.969730060206856","49.74","33","0","0","0","0","0","","","","","","","","","","","","","","","",""
"Fabian swimming","Swim","","","2500","2025-10-16","","1850","","","","","0.526804446644253","0.970619097586569","","24","","128","174","","","1.09254118719355","68.7","29","2","0","1","0","0","","","","","","","","","","","","","","","",""
"15' D2 + 3 x 25' LT1","Bike","15' D2 160w 3 x 25' LT1 (185-195W)","2.25","","2025-10-16","","48540.66015625","173","386","1238.223","","1.9901419878006","6.77500009536743","","72","","135","171","","","0.773369384922191","118.6","117","3","0","0","0","0","","","","","19","10","13","62","12","2","1","","","","",""
"40' E1 + 4 x strides","Run","<5:30/km","0.788888888888889","","2025-10-17","","8721.169921875","293","589","812.294","","0.771133899688721","3.14199995994568","","163","","147","171","","","1.28744665347764","126.61","30","16","2","1","0","0","","","","","0","0","0","0","4","24","16","","","","3","5"
"A1","Swim","1000m muy suave","","1000","2025-10-17","","350","","","","","0.0976350000169542","0.988700564971751","","90","","106","153","","","1.11526490367164","13.54","6","0","0","0","0","0","","","","","","","","","","","","","","","",""
"1 x 90' race pace","Bike","100g carbohidrato la hora 1 pastilla 226ers sub9 cada 1h hidratación correcta","2.08333333333333","","2025-10-18","","29835.720703125","228","415","1192.062","","1.45399057865143","5.69999980926514","","75","","167","177","","","0.955217175925172","131.86","2","8","7","48","30","0","","","","","4","1","1","17","50","12","2","","","","",""
"3 x 15' LT1 + 2 x 5' LT2","Run","3 x 15' LT1 @4:50-5:00/km 3 x 5' LT2 @4:30/km","1.29166666666667","","2025-10-18","hidratación correcta una pastilla de sales durante el run 60g carbs minimum","11025.9296875","337","458","1021.113","","0.840576112270355","3.64400005340576","","170","","159","172","","","1.40207650639838","163.8","3","17","12","22","2","0","","","","","0","0","0","0","0","2","41","","","","3","5"
"Open Water Swimming","Swim","","","","2025-10-18","","1275.80004882813","","","","","0.427685558795929","0.828999996185303","","31","","165","181","","","0.92805464805492","34.19","1","5","4","11","8","1","","","","","","","","","","","","","","","",""
"2h E1","Bike","Easy ride","2","","2025-10-19","","46852.37109375","146","445","1154.65","","2.20185589790344","5.91099977493286","","68","","127","158","","","0.688558180663383","103.8","128","5","0","0","0","0","","","","","38","28","26","30","8","1","1","","","","",""
"Cycling","Bike","","","","2025-10-20","","12928.57","139","426","217.502","","0.435555555555556","8.24599994788528","","72","","128","167","","","0.728790264539563","22.69","23","2","1","0","0","0","","","","","10","6","4","2","2","1","1","","","","",""
"Cycling","Bike","","","","2025-10-20","","12894.91","197","353","403.166","","0.566944444444444","6.31899984488119","","77","","149","168","","","0.861280324320627","41.4","17","17","5","1","0","0","","","","","3","0","2","18","10","1","0","","","","",""
"ANC + LT2","Swim","300 crol + 300 pies AL + 300 PB crol respirar c/3 2 x (4 x 25 ALL OUT C/60'' + 4 x 100 PB @1:55-2:05 sin darlo todo, buena técnica D:15'') 200 SNK ALETAS DPS entre bloques 300s","","2300","2025-10-21","","1034.02001953125","","","","","0.366853058338165","0.782999992370605","","30","","92","114","","","0.876904553132991","24.74","22","0","0","0","0","0","","","","","","","","","","","","","","","",""
"6 x 1km LT2","Run","6 x 1km @4:20-4:30/km, las series siempre en progresión sin pasarse del ritmo estipulado.","1.03444444444444","","2025-10-22","","11031.9296875","311","621","1018.406","","0.908512532711029","3.37299990653992","","160","","159","187","","","1.35327248250334","164.9","20","8","4","5","5","17","","","","","4","0","0","0","0","9","33","","","","4","7"
"Open Water Swimming","Swim","","","","2025-10-22","","990.739990234375","","","","","0.385173887014389","0.71399998664856","","30","","106","126","","","0.800236541405293","19.74","23","0","0","0","0","0","","","","","","","","","","","","","","","",""
"6 x 6' LT1 -> LT2","Bike","6 x 6' LT1 -> LT2 (180 -> 225w)","1.55","","2025-10-23","Sesión principal del día","33423.1796875","","","","","1.00624752044678","9.22700023651123","","","","135","165","","","0.649377044467358","47.02","50","9","3","1","0","0","","","","","","","","","","","","","","","2","5"
"Coach-athlete call","Day Off","DÍA DE DESCANSO Llamada de 20' para responder dudas nutrición y pacing de cara a competición. Cualquier duda sobre material etc etc lo comentamos.","","","2025-10-24","","","","","","","","","","","","","","","","","","","","","","","","","","","","","","","","","","","","","","",""
"5' LT1 + 3' LT2 + 6 x 30-30 VO2","Bike","Openers para mañana.","1","","2025-10-25","","168.470001220703","117","295","199.981","","0.474990844726563","0.0989999994635582","","81","","126","160","","","0.53102441214625","13.16","27","1","1","0","0","0","","","","","22","3","1","1","0","0","0","","","","",""
"Cycling","Bike","","","","2025-10-26","","88316.24","","","","","2.52416666666667","9.7189998068446","","","","137","200","","","0.705663399049956","142.5","65","46","30","21","4","0","","","","","","","","","","","","","","","",""
"Running","Run","","","","2025-10-26","","20755.7109375","326","530","1751.813","","1.49052858352661","3.86800003051758","","168","","169","186","","","1.37285287089485","279.74","3","1","4","37","54","4","","","","","3","0","0","0","0","1","73","","","","",""
"Mixed Surface Cycling","Bike","","","","2025-10-26","","0","","","","","0.000308055547066033","0","","","","","","","","","","","","","","","","","","","","","","","","","","","","","","",""
"Rest day","Day Off","","","","2025-10-27","","","","","","","","","","","","","","","","","","","","","","","","","","","","","","","","","","","","","","",""
"Rest day","Day Off","","","","2025-10-28","","","","","","","","","","","","","","","","","","","","","","","","","","","","","","","","","","","","","","",""
"45' E1","Run","<5:30/km","0.75","","2025-10-29","","7011.97021484375","269","403","648.689","","0.669459700584412","2.90899991989136","","166","","151","158","","","1.11562412203243","82.29","13","33","0","0","0","0","","","","","0","0","0","0","7","28","4","","","","",""
"2h E1","Bike","MUY SUAVE!","2","","2025-10-30","","49838.8","139","564","765.204","","1.52333333333333","9.084","","77","","140","166","","","0.647732859389385","63.3","73","15","6","2","0","0","","","","","34","25","14","12","4","1","1","","","","",""
"2h E1","Bike","MUY SUAVE!","2","","2025-10-31","","46150.421875","154","480","858.161","","1.54487490653992","8.29800033569336","","73","","146","171","","","0.704264945099098","76.17","60","22","11","7","0","0","","","","","26","22","15","19","6","3","1","","","","",""
"FUERZA","Strength","Tu sabes mejor que nadie que te funciona y que no, feel free. Propuesta: Primera parte sesión 2-3 ejercicios pliométricos CMJ Drop Jump Saltos repetidos 15s Segunda parte sesión 3 ejercicios básicos en los que poder progresar durante 4 semanas Single leg press 2 x 10 Hip thrust 2 x 10 Romanian deadlift 2 x 10 Tercera parte sesión 4 ejercicios isométricos / y/o con foco en el trabajo excéntrico Gemelo iso 2 x 5 x 6'' iso Quad iso + excen. (leg extension) 2 x 5 x 6'' iso Soleo iso 2 x 5 x 6'' iso Single Leg Hamstring Curl with Slider (Iso + Eccentric) 2 x 5 x 6'' iso","1","","2025-10-31","","","","","","","1","","","","","","","","","","","","","","","","","","","","","","","","","","","","","","","",""
"45' E1","Run","<5:30/km","0.75","","2025-11-01","","8012.990234375","280","421","745.482","","0.740381121635437","3.00600004196167","","161","","140","153","","","1.16376349162014","99.24","43","2","0","0","0","0","","","","","0","0","0","0","3","29","12","","","","",""
"Running","Run","","","","2025-11-02","","8220.7099609375","291","395","770.29","","0.734109699726105","3.11100006103516","","166","","154","163","","","1.2117184509198","106.45","7","33","9","1","0","0","","","","","0","0","0","0","0","26","17","","","","",""
"2h E1","Bike","Recovery ride","2","","2025-11-03","","45982.01171875","149","429","888.959","","1.65949773788452","7.69700002670288","","71","","","","","","0.686142329769268","77.87","","","","","","","","","","","28","21","19","25","6","1","0","","","","",""
"2h E1","Bike","MUY SUAVE!","2","","2025-11-04","","44265.87109375","122","657","836.551","","1.90940892696381","6.44000005722046","","67","","","","","","0.638454995678554","77.68","","","","","","","","","","","56","24","15","13","3","1","1","","","","",""
"50' E1","Run","<5:30/km","0.833333333333333","","2025-11-04","","7995.75","307","434","758.846","","0.686529159545898","3.23499989509583","","164","","153","172","","","1.29082305800769","113.75","15","12","8","10","1","0","","","","","0","0","0","0","1","13","24","","","","",""
"TEST CARRERA INEFC","Run","17h Dirección INEFC: Av. de l'Estadi, 12, 22, Distrito de Sants-Montjuïc, 08038 Barcelona","2","","2025-11-05","","3730","199","430","330.532","","0.461850017309189","2.24300003051758","","130","","143","195","","","1.0672596146458","51.63","16","3","1","2","4","3","","","","","7","0","0","4","6","5","3","","","","",""
"Strength","Strength","","","","2025-11-05","","0","","","","","0.624377250671387","0","","","","87","129","","","0.548409652408645","20.55","37","0","0","0","0","0","","","","","","","","","","","","","","","",""
"Running","Run","","","","2025-11-05","","3730","199","430","330.532","","0.461944444444444","2.243","","130","","143","195","","","1.0672596146458","51.63","16","3","1","2","4","3","","","","","7","0","0","4","6","5","3","","","","",""
"1h E1","Bike","Recovery ride","1","","2025-11-06","","32769.5390625","147","300","530.082","","1.00006413459778","9.10200023651123","","","","148","167","","","0.654148374102836","42.47","32","24","6","3","0","0","","","","","14","20","14","11","1","0","0","","","","",""
"Running","Run","","","","2025-11-06","","8881.17","261","431","852.543","","0.908055555555556","2.716000092344","","163","","130","145","","","1.09181575302926","107.16","54","0","0","0","0","0","","","","","0","0","0","2","24","21","8","","","","",""
"50' E1","Run","<5:30/km","0.833333333333333","","2025-11-07","","10169","287","458","974.782","","0.941786348819733","2.99900007247925","","164","","142","165","","","1.20928915986349","136.6","45","6","5","3","0","0","","","","","0","0","0","1","8","22","22","","","","1","5"
"Road Cycling","Bike","","","","2025-11-07","","47660.71875","136","438","961.9","","1.96654307842255","6.73199987411499","","70","","134","170","","","0.674893219946574","89.41","90","22","9","5","0","0","","","","","52","16","14","27","7","1","0","","","","",""
"Mountaineering","Walk","","","","2025-11-07","","4827.97998046875","","","","","1.16967368125916","1.14699995517731","","97","","74","112","","","0.317420817831785","13.1","70","0","0","0","0","0","","","","","","","","","","","","","","","",""
"20' E1 + 30' E2 + 10' D2","Run","Rodaje en progresión: - 20' @5:40/km - 30' @5:20/km - 10' @4:55/km","1","","2025-11-08","","9735.6396484375","303","519","908.734","","0.833401083946228","3.24499988555908","","168","","134","161","","","1.26786929005616","132.62","37","12","2","0","0","0","","","","","0","0","0","0","2","17","27","","","","",""
"Walking","Walk","","","","2025-11-08","","5200.16015625","","","","","1.24226355552673","1.16299998760223","","95","","72","118","","","0.330113303816909","15.08","75","0","0","0","0","0","","","","","","","","","","","","","","","",""
"Rest day","Day Off","","","","2025-11-09","","","","","","","","","","","","","","","","","","","","","","","","","","","","","","","","","","","","","","",""
"Running","Run","","","","2025-11-09","","1061.09997558594","250","540","93.549","","0.102777495980263","2.86800003051758","","153","","115","141","","","1.13226371181526","12.21","6","0","0","0","0","0","","","","","0","0","0","0","2","2","0","","","","",""
"Running","Run","","","","2025-11-09","","10080.5595703125","395","475","902.306","","0.635073900222778","4.40899991989136","","180","","163","178","","","1.62842246240177","166.37","2","8","10","8","16","0","","","","","0","0","0","0","0","0","2","","","","",""
"Mixed Surface Cycling","Bike","","","","2025-11-09","","30031.029296875","148","444","589.539","","1.10460579395294","7.55200004577637","","71","","141","167","","","0.692684559064991","52.39","44","15","6","5","0","0","","","","","23","11","12","17","4","0","0","","","","",""
"2h E1","Bike","Recovery ride","2","","2025-11-10","","53167.8515625","167","471","982.33","","1.63877332210541","9.01200008392334","","67","","143","175","","","0.739765354780339","89.21","73","14","5","9","4","0","","","","","22","25","18","20","8","3","2","","","","",""
"Strength","Strength","","","","2025-11-10","","0","","","","","0.791401982307434","0","","","","90","135","","","0.556067669726144","26.95","47","0","0","0","0","0","","","","","","","","","","","","","","","",""
"TEST CARRERA INEFC","Run","17h Dirección INEFC: Av. de l'Estadi, 12, 22, Distrito de Sants-Montjuïc, 08038 Barcelona","2","","2025-11-11","","3721.25","206","447","328.149","","0.441944450139999","2.33899998664856","","125","","134","192","","","1.12160023558992","54.64","21","1","1","1","1","3","","","","","7","0","0","0","7","8","1","","","","",""
"50' E1","Run","<5:30/km","0.833333333333333","","2025-11-12","","8162.60986328125","285","418","771.666","","0.750370264053345","3.0220000743866","","167","","144","158","","","1.19920951502264","106.59","29","17","0","0","0","0","","","","","0","0","0","1","7","20","16","","","","",""
"Road Cycling","Bike","","","","2025-11-12","","21108.33984375","0","0","","","0.724233627319336","8.0959997177124","","","","129","168","","","0.650181407386693","33.65","33","5","5","2","0","0","","","","","","","","","","","","","","","",""
"2h E1","Bike","Recovery ride","2","","2025-11-13","","46299.8203125","146","441","896.157","","1.70148611068726","7.55900001525879","","68","","","","","","0.707064469583641","84.98","","","","","","","","","","","37","15","13","27","7","2","1","","","","",""
"TEST CARRERA INEFC","Run","17h Dirección INEFC: Av. de l'Estadi, 12, 22, Distrito de Sants-Montjuïc, 08038 Barcelona","2","","2025-11-14","","4055.64990234375","218","466","353.212","","0.449933886528015","2.50399994850159","","135","","120","186","","","1.13649363617301","57.05","21","3","1","1","1","1","","","","","6","0","0","0","8","7","2","","","","",""
"Cycling","Bike","","","","2025-11-14","","27123.57","142","458","516.792","","1.01277777777778","7.4229996656384","","73","","","","","","0.649471268612727","42.82","","","","","","","","","","","24","15","11","8","1","1","1","","","","",""
"2h E1","Bike","Recovery ride","2","","2025-11-15","","45976.3515625","134","493","827.98","","1.71173858642578","7.46099996566772","","73","","137","169","","","0.677887857028837","78.42","88","18","1","1","0","0","","","","","43","21","16","17","4","1","0","","","","",""
"6 x 10'' Neuromusc.","Bike","1h easy warm up 2 x 20'' SUB-MAX sprint desde semi parado 6 x 10'' MAX sprint 6min rest We keep working on that neuromusclar adaptations.","1.52777777777778","","2025-11-16","","43493.5390625","144","665","971.684","","1.87693643569946","6.43699979782104","","74","","146","184","","","0.761402736040154","108.33","58","33","14","12","4","1","","","","","41","24","17","19","7","2","1","","","","",""
"Running","Run","","","","2025-11-16","","7282.43994140625","292","389","687.096","","0.653688073158264","3.09500002861023","","166","","141","159","","","1.21601112395353","95.54","36","4","0","0","0","0","","","","","0","0","0","0","2","18","19","","","","",""
"Hills: 10 x 20'' + 20' D2","Run","10 x 20'' 98% en subida 20' D2 @5:30/km","1.22222222222222","","2025-11-17","","12183.9599609375","294","577","1142.641","","1.07612669467926","3.14499998092651","","166","","147","175","","","1.27280869870997","172.78","30","16","8","13","2","0","","","","","1","0","0","1","8","26","22","","","","1","5"
"2h E1","Bike","Endurance","2","","2025-11-17","","45738.19140625","144","655","889.354","","1.71578454971313","7.40500020980835","","79","","","","","","0.661685689364332","75.26","","","","","","","","","","","34","22","22","20","3","1","1","","","","",""
"5 x 6' LT1","Run","5:15/km","0.979166666666667","","2025-11-18","","7010.81982421875","304","392","654.868","","0.597987830638885","3.25699996948242","","170","","132","145","","","1.27284936338214","95.5","36","0","0","0","0","0","","","","","0","0","0","0","1","13","20","","","","2","5"
"Power profile 3","Bike","2 x 5s sprint low resistance from stand still 15s sprint MAX EFFORT high resistance from stand still (sacar muestra de lactato) 4min MAX EFFORT 20min D2 20min MAX EFFORT","1.49027777777778","","2025-11-18","High carb breakfast 3h pre and the day before high carb day","48343.421875","157","756","1097.038","","1.93876934051514","6.92600011825562","","75","","","","","","0.814641121321605","127.59","","","","","","","","","","","43","18","12","16","13","9","3","","","","","5"
"50' E1","Run","<5:40/km","0.833333333333333","","2025-11-19","","9007.099609375","302","450","863.679","","0.794473052024841","3.1489999294281","","171","","151","168","","","1.29114895597619","131.2","20","22","7","5","0","0","","","","","0","0","0","1","8","14","18","","","","",""
"Strength","Strength","","","","2025-11-19","","0","","","","","0.695576131343842","0","","","","86","123","","","0.549907972587541","23.09","42","0","0","0","0","0","","","","","","","","","","","","","","","",""
"3h E1","Bike","Recovery ride","3","","2025-11-20","","60052.94140625","139","508","1267.901","","2.52654600143433","6.60200023651123","","74","","","","","","0.669731829352737","113.21","","","","","","","","","","","57","29","26","31","6","1","0","","","","",""
"3h E1","Bike","Endurance","3","","2025-11-22","","73733.2734375","142","443","1458.117","","2.85769510269165","7.16699981689453","","79","","149","183","","","0.678905106161956","131.2","69","50","27","29","14","3","","","","","64","30","30","36","9","2","1","","","","",""
"Mixed Surface Cycling","Bike","","","","2025-11-22","","16563.5703125","157","385","459.075","","0.81160581111908","5.66900014877319","","80","","","","","","0.731810331286484","43.23","","","","","","","","","","","5","22","9","4","4","1","0","","","","",""
"Running","Run","","","","2025-11-23","","12395.1298828125","334","534","1115.905","","0.925752758979797","3.71900010108948","","175","","152","177","","","1.42003911997073","186.38","21","17","11","11","3","0","","","","","1","0","0","0","3","4","35","","","","",""
"Strength","Strength","","","","2025-11-23","","0","","","","","0.352390259504318","0","","","","90","128","","","0.562044744156114","12.01","21","0","0","0","0","0","","","","","","","","","","","","","","","",""
"1h E2","Run","5:45/km NO PASES DE 5:45/km!!!!!!!!!!!!!!!!!!!!!!!!","1","","2025-11-24","","9260.5498046875","292","457","931.681","","0.884285032749176","2.90899991989136","","164","","135","164","","","1.28483948496123","144.64","","","","","","","","","","","0","0","0","0","5","21","23","","","","2","5"
"Strength","Strength","","","","2025-11-24","","0","","","","","0.517059981822968","0","","","","98","131","","","0.575193752638622","18.65","","","","","","","","","","","","","","","","","","","","","",""
"5 x 6' LT1","Run","5:15/km (series de 6min) BLa: mide al final de la última serie.","0.979166666666667","","2025-11-25","","16004.599609375","302","434","1553.286","","1.42733061313629","3.11500000953674","","169","","142","164","","","1.32816094247468","250.38","","","","","","","","","","","0","0","0","0","3","21","55","","","","2","5"
"Fuerza","Strength","1. Media sentadilla: 3 x 10 2. Prensa unilateral: 3 x 10 3. Extensión de rodilla unilateral: 3 x 10 4. Soleo sentado isometrico: 3 x 1 x 45'' 5. Gemelo: 3 x 10","0.5","","2025-11-25","","0","","","","","0.167001932859421","0","","","","93","115","","","0.568062638852913","5.71","","","","","","","","","","","","","","","","","","","","","",""
"4 x 3' + 12 x 30-30 VO2max","Bike","","2.13333333333333","","2025-11-26","","25446.08984375","166","441","739.286","","1.23449158668518","5.72599983215332","","81","","154","187","","","0.83095757599778","84.7","","","","","","","","","","","7","23","9","5","8","7","4","","","","",""
"LT2 (intensive): 20 x 40/40''","Run","8' @5:15 20 x 40'' @3:35 + 40'' @6:00 8' @5:30","1.17777777777778","","2025-11-27","","15637.8203125","320","578","1443.862","","1.25022053718567","3.47399997711182","","173","","158","191","","","1.44544497908683","258.93","","","","","","","","","","","0","0","0","1","6","13","35","","","","1","5"
"Fuerza","Strength","1. Media sentadilla: 3 x 10 2. Prensa unilateral: 3 x 10 3. Extensión de rodilla unilateral: 3 x 10 4. Soleo sentado isometrico: 3 x 1 x 45'' 5. Gemelo: 3 x 10","0.5","","2025-11-27","","","","","","","0.5","","","","","","","","","","","","","","","","","","","","","","","","","","","","","","","",""
"4 x 15'' + 6 x 10' LT1","Bike","4 x 15'' MAX + 6 x 10' @190w BLa: post última serie","2","","2025-11-28","","61563.171875","159","707","1225.613","","2.13532328605652","8.00899982452393","","79","","153","184","","","0.771195995211802","126.57","","","","","","","","","","","8","45","25","15","14","2","1","","","","4","5"
"Hills: 10 x 20'' + 20' D2","Run","10 x 20'' 98% en subida 20' D2 @5:30/km","1.22222222222222","","2025-11-29","","15000.6298828125","315","629","1410.477","","1.24221861362457","3.35400009155273","","172","","156","189","","","1.41798528402063","247.89","","","","","","","","","","","0","0","0","0","4","15","41","","","","3","5"
"3 x 20' LT1","Bike","3 x 20' @190w BLa: post última serie","1.81666666666667","","2025-11-30","","40329.62890625","175","389","858.517","","1.36578667163849","8.20199966430664","","82","","167","182","","","0.796002066653735","86.18","","","","","","","","","","","4","24","17","13","13","3","1","","","","","5"
"40' E1","Run","5:45-6:00/km Muy suave!","0.666666666666667","","2025-11-30","","6392.6298828125","259","417","622.876","","0.666714131832123","2.66300010681152","","161","","137","151","","","1.13661685547604","85.22","","","","","","","","","","","0","0","0","0","9","24","6","","","","",""
"45' E1","Run","HR max durante el entrenamiento: 138 bpm","0.75","","2025-12-01","","8805.400390625","256","418","817.223","","0.886569678783417","2.7590000629425","","166","","133","151","","","1.11887114942438","110.38","","","","","","","","","","","0","0","0","1","19","24","9","","","","2","5"
"Fuerza","Strength","1. Media sentadilla: 3 x 10 2. Prensa unilateral: 3 x 10 3. Extensión de rodilla unilateral: 3 x 10 4. Soleo sentado isometrico: 3 x 1 x 45'' 5. Gemelo: 3 x 10","0.5","","2025-12-01","","0","","","","","0.563269436359406","0","","","","91","132","","","0.558331815414681","19.18","","","","","","","","","","","","","","","","","","","","","",""
"Running","Run","","","","2025-12-01","","5006.35986328125","262","395","470.335","","0.497523605823517","2.79500007629395","","165","","134","144","","","1.14924212802899","64.62","","","","","","","","","","","0","0","0","1","6","17","6","","","","",""
"AM: SUB-T (2 x 30')","Bike","2 x 30' <195w BLa: ?","2.18333333333333","","2025-12-02","","44706.44921875","161","438","895.839","","1.5489786863327","8.01700019836426","","77","","156","179","","","0.768993019727554","90.86","","","","","","","","","","","5","21","22","16","13","2","1","","","","",""
"SUB-LT2","Run","Progressive warm up 8 x 3' @/km rec 1' jogging 10' <5:15/km","1.09472222222222","","2025-12-02","","11611.9404296875","301","514","1053.27","","0.973196148872375","3.31399989128113","","172","","145","166","","","1.32762914063941","170.09","","","","","","","","","","","0","0","0","0","2","26","27","","","","3","5"
"Rest day","Day Off","","","","2025-12-03","","","","","","","","","","","","","","","","","","","","","","","","","","","","","","","","","","","","","","",""
"Running","Run","","","","2025-12-03","","8118.57","258","418","765.927","","0.822777777777778","2.739","","164","","135","146","","","1.12643381362233","103.63","","","","","","","","","","","0","0","0","0","12","30","7","","","","",""
"AM: SUB-T (3 x 20')","Bike","3 x 20' <195w","2.23333333333333","","2025-12-04","","46213.171875","157","484","927.183","","1.61870419979095","7.92999982833862","","76","","","","","","0.755998691487713","91.91","","","","","","","","","","","5","27","17","14","13","3","1","","","","5","7"
"SUB-T","Run","Progressive warm up 4 x 6' @4:15-4:25/km rec 1' jogging BLa: ? 10' jogging","1.02972222222222","","2025-12-04","","9898.48046875","312","472","921.321","","0.820521354675293","3.3510000705719","","173","","148","171","","","1.39728332107581","158.6","","","","","","","","","","","0","0","0","1","6","9","20","","","","3","7"
"45' E1","Run","HR max durante el entrenamiento: 138 bpm","0.75","","2025-12-05","","9857.8203125","259","389","934.25","","1.00008416175842","2.73799991607666","","166","","128","141","","","1.14725159156947","130.66","","","","","","","","","","","0","0","1","3","18","24","15","","","","",""
"Strength","Strength","","","","2025-12-05","","0","","","","","0.55549418926239","0","","","","87","112","","","0.549245459200684","18.3","","","","","","","","","","","","","","","","","","","","","",""
"AM: SUB-T (4 x 15')","Bike","4 x 15' <195w","2.28333333333333","","2025-12-06","","43053.171875","161","460","859.31","","1.48699533939362","8.04300022125244","","75","","","","","","0.77471529953767","88.89","","","","","","","","","","","5","20","20","16","13","3","0","","","","",""
"SUB-T","Run","Progressive warm up 2 x 12' @4:20-4:30/km rec 1'30 jogging BLa: ? 10' jogging","1.01305555555556","","2025-12-06","","9832.580078125","315","458","907.774","","0.799578607082367","3.41599988937378","","174","","145","161","","","1.40794825449094","157.05","","","","","","","","","","","0","0","0","0","6","10","17","","","","3","5"
"3 a 4h Endurance","Bike","MUY SUAVE! Suave de verdad","3.5","","2025-12-07","","65345.8203125","101","426","1034.562"," *12/07/2025 David Sabat: it’s been 3h50’ garmin auto saved the session and did not record the last part w Andrea ((menos mal porque íbamos a -40w y si hubiera un RPE de agobio consideria un 10 como respuesta))*","2.84153771400452","6.38800001144409","","69","","125","165","","","0.574371040084245","93.5","","","","","","","","","","","19","48","10","5","4","1","1","","","","",""
"45' E1","Run","HR max durante el entrenamiento: 138 bpm","0.75","","2025-12-08","","14744.1796875","262","375","1391.225","","1.47321557998657","2.77999997138977","","163","","130","153","","","1.14637542506403","193.03","","","","","","","","","","","0","0","1","1","18","54","17","","","","",""
"AM: Easy LT2 2 x 30'","Bike","2 x 30' <195w","2.18333333333333","","2025-12-09","","23752.44921875","194","437","641.044","","0.916997194290161","7.19500017166138","","76","","","","","","0.849590092190458","65.99","","","","","","","","","","","0","9","17","16","12","2","1","","","","",""
"LT2","Run","Progressive warm up 8 x 3' @4:03-4:10/km rec 1' jogging easy cool down","1.09472222222222","","2025-12-09","","10043.7998046875","308","469","919.082","","0.828819692134857","3.3659999370575","","174","","154","179","","","1.40932545995347","163.38","","","","","","","","","","","0","0","0","0","6","18","7","","","","4","5"
"Cycling","Bike","","","","2025-12-09","","14792.18","96","378","152.556","","0.441944444444444","9.3","","69","","","","","","0.524248560507047","11.96","","","","","","","","","","","3","8","1","0","0","0","0","","","","",""
"Fuerza","Strength","1. Media sentadilla: 3 x 10 2. Prensa unilateral: 3 x 10 3. Extensión de rodilla unilateral: 3 x 10 4. Soleo sentado isometrico: 3 x 1 x 45'' 5. Gemelo: 3 x 10","0.5","","2025-12-10","","0","","","","","0.696987211704254","0","","","","83","113","","","0.544706958560337","22.7","","","","","","","","","","","","","","","","","","","","","",""
"Running","Run","","","","2025-12-10","","9376.01953125","258","405","869.737","","0.935673356056213","2.78399991989136","","165","","131","145","","","1.13289755805633","118.8","","","","","","","","","","","0","0","1","1","11","35","8","","","","",""
"AM: LT2 + VO2max","Bike","2x 1 x 8' <195w + 8 x 30 >280w / 15'' easy","2","","2025-12-11","","37267.6015625","159","650","739.538","","1.30118525028229","7.95599985122681","","77","","","","","","0.807329522355413","84.16","","","","","","","","","","","7","22","10","7","6","3","5","","","","",""
"LT2","Run","Progressive warm up 4 x 6' @4:09-4:16/km rec 1' jogging 10' easy cool down","1.02972222222222","","2025-12-11","","9617.66015625","313","477","886.197","","0.785727798938751","3.40000009536743","","171","","153","197","","","1.4166391986507","156.47","","","","","","","","","","","0","0","0","0","7","12","13","","","","4","5"
"Fuerza","Strength","1. Media sentadilla: 3 x 10 2. Prensa unilateral: 3 x 10 3. Extensión de rodilla unilateral: 3 x 10 4. Soleo sentado isometrico: 3 x 1 x 45'' 5. Gemelo: 3 x 10","0.5","","2025-12-12","","","","","","","0.5","","","","","","","","","","","","","","","","","","","","","","","","","","","","","","","",""
"Mixed Surface Cycling","Bike","","","","2025-12-12","","80015.9921875","147","679","1445.623","","2.73505282402039","8.1269998550415","","77","","","","","","0.718360944508651","140.94","","","","","","","","","","","15","58","20","11","14","6","4","","","","",""
"LT2","Run","Progressive warm up 2 x 12' @4:15-4:22/km rec 1'30 jogging 10' easy cool down","1.01305555555556","","2025-12-13","","10009.0498046875","315","530","924.023","","0.81423807144165","3.41499996185303","","172","","154","192","","","1.42858759662359","165.04","","","","","","","","","","","0","0","0","0","5","14","16","","","","4","5"
"Road Cycling","Bike","","","","2025-12-13","","40476.98046875","167","520","839.41","","1.3974986076355","8.04599952697754","","75","","","","","","0.803322888783137","90.02","","","","","","","","","","","4","18","17","15","13","3","2","","","","",""
"3 a 4h Endurance","Bike","MUY SUAVE! Suave de verdad","3.5","","2025-12-14","","36195.41015625","125","397","633.665","","1.40889608860016","7.13600015640259","","72","","","","","","0.697255533758305","68.34","","","","","","","","","","","11","21","5","4","7","4","1","","","","",""
"Road Cycling","Bike","","","","2025-12-14","","43260.80078125","88","435","668.869","","2.10435318946838","5.71000003814697","","68","","","","","","0.524899523187218","58.13","","","","","","","","","","","12","27","5","3","3","1","1","","","","",""
"Road Cycling","Bike","","","","2025-12-14","","10559.2197265625","96","411","177.481","","0.515915811061859","5.68499994277954","","64","","","","","","0.528589062017928","14.2","","","","","","","","","","","5","6","1","0","1","0","0","","","","",""
"Fuerza","Strength","1. Media sentadilla: 3 x 10 2. Prensa unilateral: 3 x 10 3. Extensión de rodilla unilateral: 3 x 10 4. Soleo sentado isometrico: 3 x 1 x 45'' 5. Gemelo: 3 x 10","0.5","","2025-12-15","","0","","","","","0.750115275382996","0","","","","68","111","","","0.520681899416476","22.36","","","","","","","","","","","","","","","","","","","","","",""
"45' E1","Run","HR max durante el entrenamiento: 138 bpm","0.75","","2025-12-15","","13013.83984375","265","388","1255.93","","1.31357300281525","2.75200009346008","","162","","127","161","","","1.15159946580198","173.03","","","","","","","","","","","0","0","0","0","6","61","13","","","","",""
"AM: Easy LT2 2 x 30'","Bike","2 x 30' <195w","2.18333333333333","","2025-12-16","","51943.6015625","152","552","1041.455","","1.90453350543976","7.57600021362305","","75","","","","","","0.739691742810414","103.94","","","","","","","","","","","11","27","19","14","14","3","1","","","","",""
"LT2","Run","Progressive warm up 8 x 3' @4:03-4:10/km rec 1' jogging easy cool down","1.09472222222222","","2025-12-16","","10054.2197265625","318","489","929.072","","0.812020242214203","3.43899989128113","","173","","156","184","","","1.4180642937063","161.66","","","","","","","","","","","0","0","0","0","2","17","16","","","","4","5"
"Fuerza","Strength","1. Media sentadilla: 3 x 10 2. Prensa unilateral: 3 x 10 3. Extensión de rodilla unilateral: 3 x 10 4. Soleo sentado isometrico: 3 x 1 x 45'' 5. Gemelo: 3 x 10","0.5","","2025-12-17","","0","","","","","0.583404719829559","0","","","","75","118","","","0.531124057638833","17.98","","","","","","","","","","","","","","","","","","","","","",""
"Running","Run","","","","2025-12-17","","7199.740234375","258","388","667.108","","0.716719448566437","2.78999996185303","","164","","119","135","","","1.12428419650005","90.33","","","","","","","","","","","0","0","0","0","9","28","6","","","","",""
"AM: LT2 + VO2max","Bike","2x 1 x 8' <195w + 8 x 30 >280w / 15'' easy","2","","2025-12-18","","68567.3984375","135","574","1335.245","","2.72718405723572","6.98400020599365","","75","","","","","","0.741089055653305","150.57","","","","","","","","","","","11","50","18","12","12","4","7","","","","",""
"LT2","Run","Progressive warm up 2 x 12' @4:15-4:22/km rec 1'30 jogging 10' easy cool down","1.01305555555556","","2025-12-18","","10007.01953125","318","474","906.929","","0.792299211025238","3.50799989700317","","176","","149","191","","","1.43536663837139","161.56","","","","","","","","","","","0","0","0","0","5","9","19","","","","3","5"
"45' E1","Run","HR max durante el entrenamiento: 138 bpm","0.75","","2025-12-19","","13010.2197265625","258","386","1177.29","","1.2607833147049","2.8659999370575","","164","","119","167","","","1.14595195428019","165.08","","","","","","","","","","","0","0","1","2","12","41","18","","","","",""
"Fuerza","Strength","1. Media sentadilla: 3 x 10 2. Prensa unilateral: 3 x 10 3. Extensión de rodilla unilateral: 3 x 10 4. Soleo sentado isometrico: 3 x 1 x 45'' 5. Gemelo: 3 x 10","0.5","","2025-12-19","","","","","","","0.5","","","","","","","","","","","","","","","","","","","","","","","","","","","","","","","",""
"VO2max - hills","Run","Progressive warm up 8 x 1' en subida @ritmo 5k (3:35/km) subida de 4-6% R: bajada + trote hasta 1'30 8 x 30'' en subida @ritmo 5k -10'' (3:25/km) subida 4-6% R: bajada + trote hasta 1'","1.09638888888889","","2025-12-20","","9619.419921875","313","585","879.055","","0.779300272464752","3.42899990081787","","172","","157","189","","","1.46472800421012","166","","","","","","","","","","","0","0","0","1","6","18","9","","","","3","5"
"Strength","Strength","","","","2025-12-20","","0","","","","","0.58583527803421","0","","","","91","147","","","0.558577563856693","19.97","","","","","","","","","","","","","","","","","","","","","",""
"3 a 4h Endurance","Bike","MUY SUAVE! Suave de verdad","3.5","","2025-12-21","","73990.453125","128","801","1426.791","","3.08795619010925","6.6560001373291","","73","","","","","","0.766795610798113","180.99","","","","","","","","","","","26","45","25","14","7","7","5","","","","",""
"45' E1","Run","HR max durante el entrenamiento: 138 bpm","0.75","","2025-12-22","","16588.189453125","258","441","1580.878","","1.7000994682312","2.71000003814697","","165","","129","149","","","1.1467516253121","222.68","","","","","","","","","","","0","0","4","10","15","70","4","","","","",""
"Fuerza","Strength","1. Media sentadilla: 3 x 10 2. Prensa unilateral: 3 x 10 3. Extensión de rodilla unilateral: 3 x 10 4. Soleo sentado isometrico: 3 x 1 x 45'' 5. Gemelo: 3 x 10","0.5","","2025-12-22","","0","","","","","0.500034749507904","0","","","","90","124","","","0.561284493659063","17.15","","","","","","","","","","","","","","","","","","","","","",""
"LT2 - 3 x 10'","Run","","1.16055555555556","","2025-12-23","","10637.009765625","331","523","973.534","","0.815789461135864","3.62199997901917","","176","","157","190","","","1.47748856101305","176.45","","","","","","","","","","","0","0","0","1","1","24","24","","","","3","5"
"Fuerza","Strength","1. Media sentadilla: 3 x 10 2. Prensa unilateral: 3 x 10 3. Extensión de rodilla unilateral: 3 x 10 4. Soleo sentado isometrico: 3 x 1 x 45'' 5. Gemelo: 3 x 10","0.5","","2025-12-23","","","","","","","0.5","","","","","","","","","","","","","","","","","","","","","","","","","","","","","","","",""
"VO2max: 2 x 8 x 30-30","Bike","","1.55","","2025-12-24","","65010.98828125","144","568","1333.045","","2.56917262077332","7.02899980545044","","75","","","","","","0.737244711255169","138.7","","","","","","","","","","","16","40","36","14","5","9","2","","","","",""
"45' E1","Run","HR max durante el entrenamiento: 138 bpm","0.75","","2025-12-24","","8007.27978515625","262","355","750.779","","0.794938921928406","2.79800009727478","","167","","128","143","","","1.13844418952963","101.91","","","","","","","","","","","0","0","0","0","6","42","0","","","","",""
"Road Cycling","Bike","","","","2025-12-24","","1.57000005245209","","","","","0.000499166664667428","0.874000012874603","","","","","","","","","","","","","","","","","","","","","","","","","","","","","","",""
"E1 (45' pero fue 01:40:50)","Run","","1.16055555555556","","2025-12-25","","16004.2802734375","252","379","1524.684","","1.68053591251373","2.64499998092651","","160","","131","153","","","1.12593783033252","211.18","","","","","","","","","","","0","1","2","11","23","62","2","","","","",""
"1h30 E1","Bike","","1.5","","2025-12-25","","30146.9296875","0","0","","","1.20431220531464","6.95300006866455","","","","125","151","","","0.601929542794442","48.56","","","","","","","","","","","","","","","","","","","","","",""
"LT2 - 9 x 3'","Run","","1.16055555555556","","2025-12-26","","12783.669921875","340","499","1167.026","","0.953786075115204","3.72300004959106","","176","","160","181","","","1.50056433588369","212.83","","","","","","","","","","","0","0","0","0","2","27","28","","","","4","5"
"1h30 E1","Bike","","1.5","","2025-12-26","","0","100","193","482","","1.33753001689911","0","","78","","132","142","","","0.442178373539378","26.1","","","","","","","","","","","41","3","0","0","0","0","0","","","","",""
"1h30 E1","Bike","","1.5","","2025-12-27","","0","102","217","274.53","","0.750132262706757","0","","78","","121","130","","","0.444393817078469","14.64","","","","","","","","","","","25","1","0","0","0","0","0","","","","",""
"Fuerza","Strength","1. Media sentadilla: 3 x 10 2. Prensa unilateral: 3 x 10 3. Extensión de rodilla unilateral: 3 x 10 4. Soleo sentado isometrico: 3 x 1 x 45'' 5. Gemelo: 3 x 10","0.5","","2025-12-27","","0","","","","","0.5783611536026","0","","","","81","122","","","0.536749921884448","18.21","","","","","","","","","","","","","","","","","","","","","",""
"Running","Run","","","","2025-12-27","","8335.0302734375","249","449","727.987","","0.809817254543304","2.85899996757507","","167","","132","146","","","1.09593028156219","95.99","","","","","","","","","","","0","0","0","6","8","34","1","","","","",""
"3h D2","Bike","3h ZONE 2 training 90g carbs per hour Think about tomorrow training and recovery","3","","2025-12-28","","118457.828125","133","518","2093.803","","4.38009786605835","7.51200008392334","","75","","134","165","","","0.621694163554972","194.6","","","","","","","","","","","47","77","42","21","10","9","1","","","","",""
"1h30 E1","Bike","<130bpm","1.5","","2025-12-29","","30786.51953125","117","310","543.407","","1.29281520843506","6.61499977111816","","72","","119","136","","","0.54463637245598","38.09","","","","","","","","","","","27","30","5","1","0","0","0","","","","",""
"Fuerza","Strength","1. Media sentadilla: 3 x 10 2. Prensa unilateral: 3 x 10 3. Extensión de rodilla unilateral: 3 x 10 4. Soleo sentado isometrico: 3 x 1 x 45'' 5. Gemelo: 3 x 10","0.5","","2025-12-29","","0","","","","","0.401445537805557","0","","","","92","129","","","0.562399039535079","13.75","","","","","","","","","","","","","","","","","","","","","",""
"35' E1 + 4 x strides","Run","HR max durante el entrenamiento: 138 bpm","0.666666666666667","","2025-12-30","","6915.72021484375","263","529","650.481","","0.685815036296844","2.80100011825562","","164","","139","176","","","1.16999850213184","92.29","","","","","","","","","","","0","0","0","1","11","28","2","","","","3","5"
"5km warm up","Run","15 minutes progressing from easy to predicted MP Dynamic stretching Put on carbon shoes 4x100m strides at 8k, 5k, 3k, and 2k race pace with 1min jog reco between strides 2min extra walk/jog , 2min at anaerobic threshold pace, finishing 5-10min before the race walking until race beings","0.433333333333333","","2025-12-31","","1330.78002929688","410","526","117.3","","0.0789930522441864","4.67999982833862","","182","","172","187","","","1.84908743327172","24.31","","","","","","","","","","","0","0","0","0","0","0","5","","","","",""
"5k SS","Run","","","5000","2025-12-31","","2532.54","267","489","235.913","","0.245","2.8690000243865","","165","","127","164","","","1.1530082124599","32.58","","","","","","","","","","","0","0","0","1","3","10","1","","","","",""
"10' E1","Run","10' <135ppm","0.166666666666667","","2025-12-31","","2532.5400390625","266","489","235.913","","0.245243892073631","2.86899995803833","","165","","127","164","","","1.1530082124599","32.58","","","","","","","","","","","0","0","0","1","3","10","1","","","","3","5"
"Road Cycling","Bike","","","","2026-01-01","","42285.01953125","111","248","759.737","","1.90705811977386","6.15899991989136","","73","","120","139","","","0.508794325137319","49.23","","","","","","","","","","","43","34","5","1","0","0","0","","","","",""
"1h30 E1","Bike","Post running <130bpm","1.5","","2026-01-02","","","","","","","","","","","","","","","","","","","","","","","","","","","","","","","","","","","","","","",""
"VO2max: 2 x 8 x 30-30","Bike","","1.55","","2026-01-02","","40017.8515625","121","343","743.9","","1.68891990184784","6.58199977874756","","76","","122","141","","","0.555744138504867","51.92","","","","","","","","","","","33","39","9","2","0","1","0","","","","",""
"Fuerza","Strength","1. Media sentadilla: 3 x 10 2. Prensa unilateral: 3 x 10 3. Extensión de rodilla unilateral: 3 x 10 4. Soleo sentado isometrico: 3 x 1 x 45'' 5. Gemelo: 3 x 10","0.5","","2026-01-02","","","","","","","","","","","","","","","","","","","","","","","","","","","","","","","","","","","","","","",""
"Running","Run","","","","2026-01-02","","8241.3603515625","267","383","779.283","","0.811681091785431","2.8199999332428","","165","","132","141","","","1.15713341598024","107.6","","","","","","","","","","","0","0","0","0","2","46","0","","","","",""
"4h E1","Bike","<130bpm","4","","2026-01-03","","34972.421875","141","488","687.363","","1.35743582248688","7.15700006484985","","76","","136","181","","","0.786365134545983","82.99","","","","","","","","","","","15","19","12","3","1","6","3","","","","",""
"LT2 - 9 x 3'","Run","Max HR en los intervalos: 173 No pases de 172","1.16055555555556","","2026-01-03","","11005.2900390625","303","477","1017.645","","0.932156920433044","3.27999997138977","","168","","151","177","","","1.35988682837482","170.64","","","","","","","","","","","0","0","0","1","7","30","19","","","","3","5"
"Road Cycling","Bike","","","","2026-01-04","","101483.7109375","107","444","1594.881","","4.13125419616699","6.82399988174438","","70","","122","149","","","0.500963177878443","103.12","","","","","","","","","","","104","51","10","3","1","1","0","","","","",""
"1h30 E1","Bike","<130bpm","1.5","","2026-01-05","","30634.4296875","116","464","567.322","","1.35678005218506","6.27199983596802","","74","","125","145","","","0.547780923624388","40.54","","","","","","","","","","","30","28","5","1","0","1","0","","","","",""
"Fuerza","Strength","1. Media sentadilla: 3 x 10 2. Prensa unilateral: 3 x 10 3. Extensión de rodilla unilateral: 3 x 10 4. Soleo sentado isometrico: 3 x 1 x 45'' 5. Gemelo: 3 x 10","0.5","","2026-01-05","","","","","","","0.5","","","","","","","","","","","","","","","","","","","","","","","","","","","","","","","",""
"60' E1","Run","HR max durante el entrenamiento: 138 bpm","1","","2026-01-06","","9702.33984375","263","416","966.579","","1.02238273620605","2.63599991798401","","166","","139","165","","","1.16297325411066","137.26","","","","","","","","","","","0","0","0","7","15","38","3","","","","",""
"Mountaineering","Walk","","","","2026-01-06","","4849.77001953125","","","","","1.47706639766693","0.912000000476837","","88","","109","143","","","0.240175529658982","9.53","","","","","","","","","","","","","","","","","","","","","",""
"10' LT1 + 6 x 8' LT2","Bike","","2","","2026-01-07","","47019.421875","156","489","978.681","","1.7389897108078","7.51100015640259","","78","","","","","","0.796373060320539","110.04","","","","","","","","","","","14","15","12","20","15","8","0","","","","",""
"T2.LT2 - 3 x 10'","Run","T2 No pases de 172ppm durante intervalos 10min","0.810555555555556","","2026-01-07","","9609.5302734375","336","506","889.081","","0.734430015087128","3.63499999046326","","174","","164","190","","","1.48355788523659","159.79","","","","","","","","","","","0","0","0","0","1","18","25","","","","3","5"
"45' E1","Run","HR max durante el entrenamiento: 138 bpm Entreno opcional, si muy cansado, descanso OK!","0.75","","2026-01-08","","8014.89990234375","244","353","755.443","","0.858579695224762","2.59299993515015","","163","","112","134","","","1.06956556619637","98.17","","","","","","","","","","","0","0","0","3","21","28","0","","","","",""
"Fuerza","Strength","1. Media sentadilla: 3 x 10 2. Prensa unilateral: 3 x 10 3. Extensión de rodilla unilateral: 3 x 10 4. Soleo sentado isometrico: 3 x 1 x 45'' 5. Gemelo: 3 x 10","0.5","","2026-01-09","Post bike o PM","0","","","","","0.45793554186821","0","","","","90","141","","","0.556658559736146","15.41","","","","","","","","","","","","","","","","","","","","","",""
"VO2max: 4 x 30-30 + 5 min + 4 x 30 -30","Bike","","1.5","","2026-01-09","","30645.91015625","126","550","5665.569","","1.39313852787018","6.1100001335144","","73","","139","194","","","0.775383841472861","83.34","","","","","","","","","","","628","16","9","2","1","6","3","","","","",""
"LT2 - 9 x 3'","Run","Max HR en los intervalos: 173 No pases de 172","1.16055555555556","","2026-01-10","","7317.7900390625","311","448","677.75","","0.604592204093933","3.36199998855591","","171","","157","176","","","1.39634163157757","116.3","","","","","","","","","","","0","0","0","1","4","17","14","","","","",""
"1h E1","Bike","Post running <130HR","1","","2026-01-10","","389.130004882813","32","185","1.265","","0.0123072220012546","8.78299999237061","","70","","","","","","0.100606292205454","","","","","","","","","","","","0","0","0","0","0","0","0","","","","",""
"Mixed Surface Cycling","Bike","","","","2026-01-10","","26593.330078125","110","453","484.114","","1.2194105386734","6.05800008773804","","73","","121","139","","","0.533373882797974","34.61","","","","","","","","","","","30","17","3","1","1","0","0","","","","",""
"4h30 E1","Bike","<130bpm","4.5","","2026-01-11","","103699.40625","106","481","1664.135","","4.35361909866333","6.61600017547607","","72","","123","165","","","0.552014670816812","132.34","","","","","","","","","","","67","52","20","8","3","4","0","","","","",""
"Fuerza","Strength","1. Media sentadilla: 3 x 10 2. Prensa unilateral: 3 x 10 3. Extensión de rodilla unilateral: 3 x 10 4. Soleo sentado isometrico: 3 x 1 x 45'' 5. Gemelo: 3 x 10","0.5","","2026-01-12","","0","","","","","0.500059723854065","0","","","","97","132","","","0.573346061455633","17.9","","","","","","","","","","","","","","","","","","","","","",""
"1h E1","Run","1h max HR 70% of HRmax","1","","2026-01-12","","9065.400390625","252","431","864.29","","0.951140522956848","2.64800000190735","","162","","128","146","","","1.09788694958524","113.77","","","","","","","","","","","0","0","1","3","15","39","1","","","","",""
"1h E1","Bike","<130HR","1","","2026-01-13","","20180.919921875","102","411","330.878","","0.899781703948975","6.23000001907349","","74","","","","","","0.502065279669554","22.55","","","","","","","","","","","18","12","2","1","0","0","0","","","","",""
"1h30 E2","Run","","","","2026-01-13","","16011.650390625","275","384","1484.797","","1.50002527236938","2.96499991416931","","168","","139","167","","","1.19482667555329","212.84","","","","","","","","","","","0","0","0","0","2","86","1","","","","2","5"
"MAX -> Z2 alta: 5 x 10'' MAX + 7 x 7'","Bike","20' <130hr 5 x 10'' sec A TOPE!! LAC? 7 x 7' <155hr LAC?","1.83888888888889","","2026-01-14","","45537.171875","122","802","856.246","","1.94358384609222","6.50799989700317","","73","","130","177","","","0.647621602967229","80.78","","","","","","","","","","","18","33","24","5","1","1","1","","","","",""
"8' Z2 + 2x 8 x 30/25 + 8' Z2","Run","8' LT1 @max HR -3bpm of LT1 HR 8 x 30-25'' Work: @3:35-3:40/km Rest: very easy LAC? 8' Z2 @safe LT1 guided by HR","1.04444444444444","","2026-01-15","","10880.41015625","306","471","1023.533","","0.928761959075928","3.25399994850159","","169","","144","179","","","1.34612973962657","166.65","","","","","","","","","","","0","0","0","0","1","46","8","","","","3","3"
"1h E1","Bike","<130HR","1","","2026-01-16","","36952.23046875","123","331","194.861","","1.61242163181305","6.36600017547607","","71","","123","157","","","0.614042194411163","16.43","","","","","","","","","","","4","7","6","2","1","0","0","","","","",""
"Fuerza","Strength","1. Media sentadilla: 3 x 10 2. Prensa unilateral: 3 x 10 3. Extensión de rodilla unilateral: 3 x 10 4. Soleo sentado isometrico: 3 x 1 x 45'' 5. Gemelo: 3 x 10","0.5","","2026-01-16","Post bike o PM","0","","","","","0.500150263309479","0","","","","77","136","","","0.537260786957166","15.71","","","","","","","","","","","","","","","","","","","","","",""
"5 x (3' LT1 + 30'' E1 + 3' LT2 medium + 1' E1)","Run","5 x 3' @LT1 30s E1 3' @HM pace 1' E1 LAC?","1.125","","2026-01-17","","10961.2802734375","302","490","1022.761","","0.941118001937866","3.23499989509583","","170","","149","181","","","1.33193259191049","165.52","","","","","","","","","","","0","0","0","0","3","40","14","","","","2","5"
"1h E1","Bike","Post running <130HR","1","","2026-01-17","","25528.609375","106","373","466.28","","1.22240996360779","5.80100011825562","","69","","122","149","","","0.494817181568871","29.76","","","","","","","","","","","31","19","2","0","0","0","0","","","","",""
"Running","Run","","","","2026-01-17","","5002.91","270","429","469.216","","0.482777777777778","2.879","","167","","135","161","","","1.17584387920056","66.15","","","","","","","","","","","0","0","0","0","3","26","0","","","","",""
"5h E1","Bike","<130bpm","5","","2026-01-18","","38734.5390625","52","245","316.624","","1.70054197311401","6.3270001411438","","76","","115","145","","","0.288079980171407","14.11","","","","","","","","","","","6","1","0","0","0","0","0","","","","",""
"Fuerza","Strength","1. Media sentadilla: 3 x 10 2. Prensa unilateral: 3 x 10 3. Extensión de rodilla unilateral: 3 x 10 4. Soleo sentado isometrico: 3 x 1 x 45'' 5. Gemelo: 3 x 10","0.5","","2026-01-19","","0","","","","","0.905914723873138","0","","","","84","122","","","0.544219115090788","29.65","","","","","","","","","","","","","","","","","","","","","",""
"1h E1","Run","1h max HR 70% of HRmax","1","","2026-01-19","","10204.669921875","278","457","988.325","","0.985909402370453","2.875","","167","","133","141","","","1.20793788150937","142.46","","","","","","","","","","","0","0","0","0","0","58","1","","","","",""
"1h30' E2","Run","10' en progresión desde 6:00 a 5:40 + sostenido @5:40/km resto del rodaje @90g carbohidratos durante entrenamiento","1.5","","2026-01-20","","16006.8603515625","284","455","1517.061","","1.48181915283203","3.00099992752075","","168","","145","170","","","1.24672136723099","228.86","","","","","","","","","","","0","0","0","1","6","75","7","","","","1","5"
"MAX -> Z2 alta: 6 x 10'' MAX + 6 x 8'","Bike","20' <130hr 6 x 10'' sec A TOPE!! 6 x 8' <155hr LAC?","1.875","","2026-01-21","","43147.140625","132","701","808.305","","1.71010887622833","7.00899982452393","","75","","134","172","","","0.672763749157715","77.12","","","","","","","","","","","17","26","25","7","1","1","1","","","","3","5"
"4 x 25'' Sub-max + 8' Z2 + 8 x 4' LT1","Run","","1.37222222222222","","2026-01-22","","13300.509765625","291","491","1245.519","","1.1893196105957","3.10599994659424","","168","","148","179","","","1.27234415346292","190.95","","","","","","","","","","","0","0","0","0","4","64","4","","","","3","5"
"Strength","Strength","","","","2026-01-22","","0","","","","","0.773593902587891","0","","","","82","129","","","0.538265285785757","24.66","","","","","","","","","","","","","","","","","","","","","",""
"Fuerza","Strength","1. Media sentadilla: 3 x 10 2. Prensa unilateral: 3 x 10 3. Extensión de rodilla unilateral: 3 x 10 4. Soleo sentado isometrico: 3 x 1 x 45'' 5. Gemelo: 3 x 10","0.5","","2026-01-23","Post bike o PM","","","","","","0.5","","","","","","","","","","","","","","","","","","","","","","","","","","","","","","","",""
"Running","Run","","","","2026-01-23","","6554.759765625","210","301","625.203","","0.825654983520508","2.20499992370605","","160","","124","135","","","0.911411162922358","67.76","","","","","","","","","","","0","0","4","37","9","1","0","","","","",""
"8' Z2 + 10 x 1km LT1 -> LT2 + 8' Z2","Run","","1.69333333333333","","2026-01-24","","17435.7109375","308","548","1633.873","","1.47022771835327","3.29399991035461","","168","","151","183","","","1.36958240350966","274.55","","","","","","","","","","","0","0","0","1","3","66","19","","","","3","5"
"1h E1","Bike","Post running <130HR","1","","2026-01-24","","","","","","","","","","","","","","","","","","","","","","","","","","","","","","","","","","","","","","",""
"5h E1","Bike","<130bpm","5","","2026-01-25","","31966.4609375","99","426","568.713","","1.59548389911652","5.56500005722046","","72","","117","165","","","0.550353252605143","48.25","","","","","","","","","","","24","16","6","2","1","2","1","","","","",""
"1h5' E2","Run","","1.08333333333333","","2026-01-26","","12285.3603515625","284","389","1156.113","","1.13095021247864","3.01699995994568","","167","","144","158","","","1.23326395795651","171.04","","","","","","","","","","","0","0","0","0","2","63","2","","","","",""
"Fuerza","Strength","1. Media sentadilla: 4 x 10 2. Hip trust: 4 x 10 3. Prensa unilateral: 4 x 10 4. Extensión de rodilla unilateral: 3 x 10 5. Soleo sentado isometrico: 3 x 1 x 45'' 6. Gemelo: 3 x 10","0.5","","2026-01-26","","0","","","","","0.544868052005768","0","","","","89","140","","","0.557111757792502","18.45","","","","","","","","","","","","","","","","","","","","","",""
"10' Z2 + 4 x 10' LT1","Run","","1.425","","2026-01-27","","13938.990234375","299","392","1333.213","","1.23648476600647","3.13100004196167","","167","","145","163","","","1.30160847840105","208.5","","","","","","","","","","","0","0","0","0","1","71","2","","","","2","5"
"6 x 10'' MAX + 5 x 9' LT1","Bike","20' <130hr 6 x 10'' sec A TOPE!! 5 x 9' <155hr LAC?","1.75833333333333","","2026-01-28","","44009.26953125","135","705","875.663","","1.79930281639099","6.79400014877319","","68","","136","182","","","0.686756340845806","84.39","","","","","","","","","","","19","28","24","8","2","2","1","","","","",""
"Lap Swimming","Swim","","","","2026-01-28","","950","","","","","0.356986943880717","0.735294117647059","","24","","97","136","","","0.827916988623293","20.26","","","","","","","","","","","","","","","","","","","","","",""
"10' Z2 + 2 x 10' LT2 + 10' Z2","Bike","Series de 10min cadencia 65-75rpm bien acoplado","1.98333333333333","","2026-01-29","","47074.3203125","127","452","891.024","","1.95105755329132","6.7020001411438","","72","","140","184","","","0.689236900119109","92.36","","","","","","","","","","","19","22","15","10","7","4","0","","","","",""
"Fuerza","Strength","1. Media sentadilla: 4 x 10 2. Peso muerto TRAP BAR: 4 x 10 3. Prensa unilateral: 4 x 10 4. isquio sentado unilateral: 3 x 10 5. Soleo sentado isometrico: 3 x 1 x 45'' 6. Gemelo: 3 x 10","0.5","","2026-01-29","","0","","","","","0.252361953258514","0","","","","80","114","","","0.547465379176911","8.1","","","","","","","","","","","","","","","","","","","","","",""
"Lap Swimming","Swim","","","","2026-01-29","","700","","","","","0.243194167349074","0.794551645856981","","24","","107","139","","","0.895489312723467","17.46","","","","","","","","","","","","","","","","","","","","","",""
"1h40' E2","Run","","1.66666666666667","","2026-01-30","","16421.26953125","278","414","1581.349","","1.57835638523102","2.89000010490417","","164","","143","166","","","1.21979174822686","233.65","","","","","","","","","","","0","0","0","1","10","79","5","","","","",""
"6 x (2'30 LT1 + 30'' E1 + 3'30' LT2 medium + 1' E1)","Run","","1.16666666666667","","2026-01-31","","11498.5595703125","309","524","1095.894","","0.984278917312622","3.24499988555908","","169","","154","181","","","1.37043221101853","183.41","","","","","","","","","","","0","0","0","0","2","40","16","","","","3","5"
"Lap Swimming","Swim","","","","2026-01-31","","1200","","","","","0.384666944079929","0.862068965517241","","24","","126","157","","","0.970536561768508","35.17","","","","","","","","","","","","","","","","","","","","","",""
"5h30 E1","Bike","<130bpm","5.5","","2026-02-01","","107602.9609375","99","611","1846.762","","5.16634559631348","5.78499984741211","","67","","121","171","","","0.483124169692009","120.35","","","","","","","","","","","111","48","8","3","1","2","1","","","","",""
"Fuerza","Strength","1. Media sentadilla: 4 x 10 2. Hip trust: 4 x 10 3. Prensa unilateral: 4 x 10 4. Extensión de rodilla unilateral: 3 x 10 5. Soleo sentado isometrico: 3 x 1 x 45'' 6. Gemelo: 3 x 10","0.5","","2026-02-02","","0","","","","","0.500219702720642","0","","","","85","117","","","0.551665678478916","16.58","","","","","","","","","","","","","","","","","","","","","",""
"reinicio","Swim","5x200m 1. Crol 2. 50 Crol + 50 Peus sense fusta 3. 2x50 Esq + 50 Braça 4. PB + Pp 5. Crol Respirant c/2,4,6,2 braçades (canvi cada 50m)","","1000","2026-02-02","","2100","","","","","0.34071777895093","1.70593013809911","","25","","117","158","","","1.917520521955","240.22","","","","","","","","","","","","","","","","","","","","","",""
"40' E1","Run","","0.666666666666667","","2026-02-02","","5429.31005859375","269","476","523.416","","0.539413332939148","2.7960000038147","","162","","136","147","","","1.16900434927255","72.56","","","","","","","","","","","0","0","0","0","1","31","1","","","","",""
"10' D2 + 6 x 30'' SIT + 45' D2","Bike","10' D2 (175-185w) + 6 x 30'' MAX!! D: 4' + 45' D2 (160-175w) - cadencia >90rpm","2","","2026-02-03","","45533.44140625","138","683","910.383","","1.83117198944092","6.90700006484985","","85","","150","190","","","0.849901508678216","131.31","","","","","","","","","","","24","26","19","6","2","2","3","","","","",""
"T2: 1h E2","Run","","1","","2026-02-03","","8789.7802734375","285","383","855.567","","0.833430290222168","2.9300000667572","","164","","146","160","","","1.23760989074923","126.39","","","","","","","","","","","0","0","0","0","1","47","2","","","","",""
"Running","Run","","","","2026-02-04","","11767.3798828125","278","395","1127.107","","1.12422668933868","2.90799999237061","","166","","133","155","","","1.20790177059754","162.75","","","","","","","","","","","0","0","0","0","3","64","1","","","","3","5"
"Fuerza","Strength","1. Media sentadilla: 4 x 10 2. Peso muerto TRAP BAR: 4 x 10 3. Prensa unilateral: 4 x 10 4. isquio sentado unilateral: 3 x 10 5. Soleo sentado isometrico: 3 x 1 x 45'' 6. Gemelo: 3 x 10","0.5","","2026-02-04","","0","","","","","0.501175284385681","0","","","","83","115","","","0.544195817050018","16.16","","","","","","","","","","","","","","","","","","","","","",""
"opcional","Swim","10 x 100 D: 15'' Máxima longitud de brazada Tiempos? Cuenta brazadas en el 3r largo y dime como evolucionaron a lo largo de sesión.","","1000","2026-02-04","","1350","","","","","0.452333057191637","0.824175824175824","","24","","109","142","","","0.928519358296781","36.21","","","","","","","","","","","","","","","","","","","","","",""
"1h55' E2","Run","","1.91666666666667","","2026-02-05","","20012.37","281","473","2003.022","","1.97472222222222","2.816","","164","","143","163","","","1.22181726599588","292.53","","","","","","","","","","","0","0","0","0","1","115","2","","","","",""
"reinicio","Swim","3x 150 variats D.20"" 100 peus (25 suau + 25 a tope + 50 suau) D.10"" 50 mínimes respiracions possibles D.30"" 10x50 PB + PG D.10"" 100 suaus","","1500","2026-02-05","","1150","","","","","0.400125833269623","0.794198895027624","","23","","105","148","","","0.894163155760781","28.61","","","","","","","","","","","","","","","","","","","","","",""
"5h E2","Bike","@140-150w medios Cadencia >90rpm","5","","2026-02-06","","95445.328125","107","494","1572.855","","4.08806991577148","6.4850001335144","","91","","143","169","","","0.498636408764522","101.71","","","","","","","","","","","88","47","9","3","1","2","0","","","","",""
"10' Z2 + 2 x 15' LT2 + 10' Z2","Bike","Series de 15min cadencia 65-75rpm bien acoplado","2.06666666666667","","2026-02-07","","18885.66015625","0","0","","","1.03190863132477","5.08400011062622","","","","116","150","","","0.596434228432818","40.7","","","","","","","","","","","","","","","","","","","","","",""
"T2: 45' E2","Run","","0.75","","2026-02-07","","11341.7099609375","292","429","1081.173","","1.02936613559723","3.06100010871887","","166","","142","163","","","1.27948732458608","167.25","","","","","","","","","","","0","0","0","0","2","55","5","","","","3","7"
"10' Z2 + 3 x 15' LT1","Run","","1.48333333333333","","2026-02-08","","7012.58984375","281","422","685.801","","0.678698062896729","2.86999988555908","","164","","139","151","","","1.22473095127042","99.99","","","","","","","","","","","0","0","0","0","1","38","2","","","","",""
"1h30' E1","Bike","OPCIONAL pero si la haces, post running Cadencia >90rpm","1.5","","2026-02-08","","45606.1484375","132","573","854.141","","1.79972219467163","7.03900003433228","","84","","145","181","","","0.71691282314196","92.03","","","","","","","","","","","17","17","10","10","9","5","0","","","","",""
"Strength","Strength","","","","2026-02-08","","0","","","","","0.00123111112043262","0","","","","69","78","","","0.580572442374652","0.04","","","","","","","","","","","","","","","","","","","","","",""
"Other","Other","","","","2026-02-08","","","","","","","0.00111111111111111","","","","","69","78","","","0.580572442374652","0.04","","","","","","","","","","","","","","","","","","","","","",""
"40' E1","Run","","0.666666666666667","","2026-02-09","","9652.48046875","260","469","925.933","","0.987577795982361","2.71499991416931","","163","","132","141","","","1.13671931871452","126.37","","","","","","","","","","","0","0","0","1","9","50","1","","","","",""
"Fuerza","Strength","1. Media sentadilla: 4 x 10 2. Hip trust: 4 x 10 3. Prensa unilateral: 4 x 10 4. Extensión de rodilla unilateral: 3 x 10 5. Soleo sentado isometrico: 3 x 1 x 45'' 6. Gemelo: 3 x 10","0.5","","2026-02-09","","0","","","","","0.122556671500206","0","","","","88","113","","","0.562212592198953","4.07","","","","","","","","","","","","","","","","","","","","","",""
"Lap Swimming","Swim","300 crol + 200 estils + 200 (50 crol + 50 esquena) 4x50 progre 1-4 D.15"" 6x100m PG + Arrastre Z2/Z3 D.15"" 4x100m Transferencia Z2/Z3 D.15"" 100m suaus 4x25 PG + Aletes a tope! D.30"" + 4x50m Peus aletes fuerte D.5"" + 4x25m nedar amb aletes a tope! D.30"" 100m suaus","","2500","2026-02-09","","2100","","","","","0.711811660660638","0.815850815850816","","24","","111","161","","","0.917845786239256","55.04","","","","","","","","","","","","","","","","","","","","","",""
"T2: 1h E2","Run","","1","","2026-02-10","","12031.4404296875","273","370","1130.669","","1.14846479892731","2.91000008583069","","166","","146","165","","","1.19539396368205","163.54","","","","","","","","","","","0","0","0","3","5","60","2","","","","",""
"10' D2 + 7 x 30'' SIT + 3 x 15' D2/LT1","Bike","10' D2 (175-185w) + 7 x 30'' MAX!! D: 4' + 3 x 15' D2-LT1 >90rpm","2.29166666666667","","2026-02-10","","49757.0703125","110","652","887.08","","2.24340748786926","6.16099977493286","","81","","140","187","","","0.72356775091454","117.15","","","","","","","","","","","26","27","10","3","1","1","3","","","","",""
"Lap Swimming","Swim","200 variats 200 nedar amb aletes fent máxima distancia subaquàtica en cada viratge 200 peus (50F + 50S) 4x50 PB progre 1-4 3x300m Locomotor D.45"" (50F+50S) 8x50m PG+ Samarreta c/1' 30"" Descans (just per treuret material) 4x50m Transf. Z3 c/1' 200 suaus","","2500","2026-02-11","","2350","","","","","0.758838891188304","0.855790240349599","","24","","124","154","","","0.963460254344934","67.87","","","","","","","","","","","","","","","","","","","","","",""
"Running","Run","","","","2026-02-11","","18087.359375","267","409","1824.428","","1.89607715606689","2.65000009536743","","165","","138","167","","","1.17424132959443","261.42","","","","","","","","","","","0","0","0","8","20","82","4","","","","",""
"2h5' E2","Run","","2.08333333333333","","2026-02-12","","8193.8095703125","250","392","865.807","","0.961226403713226","2.36800003051758","","160","","121","139","","","1.09585365829883","114.34","","","","","","","","","","","0","0","1","8","22","27","1","","","","",""
"Strength","Strength","","","","2026-02-12","","0","","","","","2.2445182800293","0","","","","96","152","","","0.560718748500061","79.77","","","","","","","","","","","","","","","","","","","","","",""
"Lap Swimming","Swim","200 variats 100m PB 100m peus 20x50m progre 1-4 c/1' (Z1+Z2+Z3+Z4) 100m suaus","","1500","2026-02-13","","1150","","","","","0.387177777820163","0.819088319088319","","26","","116","152","","","0.924065889814468","30.55","","","","","","","","","","","","","","","","","","","","","",""
"Fuerza","Strength","1. Media sentadilla: 4 x 10 2. Peso muerto TRAP BAR: 4 x 10 3. Prensa unilateral: 4 x 10 4. isquio sentado unilateral: 3 x 10 5. Soleo sentado isometrico: 3 x 1 x 45'' 6. Gemelo: 3 x 10","0.5","","2026-02-13","","0","","","","","0.487193614244461","0","","","","89","145","","","0.554214863807471","16.27","","","","","","","","","","","","","","","","","","","","","",""
"20' Z2 + 2 x 20' LT2 + 10' Z2","Bike","Series de 20min cadencia 65-75rpm bien acoplado","2.31666666666667","","2026-02-14","","55021.6015625","139","340","851.343","","2.23375630378723","6.84200000762939","","77","","141","175","","","0.732575229755764","119.39","","","","","","","","","","","12","19","10","19","12","4","0","","","","",""
"20-15-12-10' LT1","Run","","1.51666666666667","","2026-02-14","","12002.8095703125","310","458","1129.244","","1.01274836063385","3.29200005531311","","169","","156","167","","","1.34891697566555","182.85","","","","","","","","","","","0","0","0","0","0","52","9","","","","3","5"
"5h E2","Bike","@140-150w medios Cadencia >90rpm","5","","2026-02-15","","74784.453125","117","576","1394.169","","3.3101007938385","6.27600002288818","","93","","137","177","","","0.565493309320546","105.3","","","","","","","","","","","65","52","15","5","2","3","1","","","","",""
"Lap Swimming","Swim","10x200 D.30"" 1+2 Variado 3 PP (50 Z3 + 50 Z2) 4 PP Z3 alto 5 PG (50 Z3 + 50 Z2) 6 PG A3 alto 7 PG + PB respirando c/6 brazadas 8 PG + PB máxima tracción subacuática 9 Transferencia sin material Z3 alto 10 Suave :D","","2000","2026-02-16","","1950","","","","","0.679576114018758","0.795593635250918","","25","","110","133","","","0.892713346087265","48.35","","","","","","","","","","","","","","","","","","","","","",""
"40' E2 + 6 x strides","Run","","0.841666666666667","","2026-02-16","","10929.76953125","291","619","1024.763","","0.978210866451263","3.10400009155273","","167","","144","191","","","1.28197560242072","159.24","","","","","","","","","","","0","0","0","0","2","53","4","","","","",""
"10' D2 + 8 x 30'' SIT + 4 x 12' D2/LT1","Bike","10' D2 (175-185w) + 8 x 30'' MAX!! D: 4' + 4 x 12' D2-LT1 >90rpm","2.46666666666667","","2026-02-17","","56478.30859375","132","702","1132.219","","2.37218904495239","6.61299991607666","","85","","150","192","","","0.754025964290613","134.99","","","","","","","","","","","29","50","22","4","1","1","3","","","","",""
"Max Strenght A","Strength","Warm up: 10' eliptica progresivo 1.1. Glute bridge: 2 x 10r 1.2. Dead bug: 2 x 6/side 2. Romanian DL: 3 x 8 @30kg 3s excentrica 3. Hip trust: 3 x 10 @40kg Espalda apoyada banco 4. Calf raises: 3 x 12 3s excentrica 5. Side plank: 3 x 25s","1","","2026-02-18","","0","","","","","0.67039692401886","0","","","","91","159","","","0.560725765106517","23.12","","","","","","","","","","","","","","","","","","","","","",""
"Lap Swimming","Swim","4x500 1ª: Variado 2ª: PP Z3 3ª: PB + PG Z3 4ª: Transferencia Z2 con buena técnica","","2000","2026-02-18","","2000","","","","","0.697770546807183","0.795544948289578","","26","","127","151","","","0.891728986081957","49.48","","","","","","","","","","","","","","","","","","","","","",""
"Treadmill Running","Run","","","","2026-02-18","","110.400001525879","15","213","9.295","","0.166750550270081","0.184000000357628","","36","","80","129","","","0.177471282272746","0.5","","","","","","","","","","","0","0","0","0","0","0","0","","","","",""
"VO2max: 2 x 10 x 30-30","Run","","1.13333333333333","","2026-02-19","","11081.3701171875","312","610","1103.263","","0.982172787189484","3.1340000629425","","166","","150","184","","","1.416283455131","195.66","","","","","","","","","","","0","0","0","1","5","39","14","","","","4","5"
"Lap Swimming","Swim","","","","2026-02-19","","1700","","","","","0.472218612179988","0.99009900990099","","25","","112","156","","","1.12000856223621","66.34","","","","","","","","","","","","","","","","","","","","","",""
"Muscular Endurance (1)","Strength","Warm up: 10' eliptica progresivo 1. Split jump squat: 6 x 10r/leg 2. Squat jumps: 6 x 10r 3. Box step ups: 6 x 10r 4. Front lounge: 6 x 10r 5. Incline push ups explosive: 6 x 10r 6. Lat pull down: 6 x 10r","1","","2026-02-20","Start with Body Weight only. Rest 60sec after each set of an exercise. Rest 60sec between exercises. On Box Step ups, Split jump squat and Front Lunge exercises do all R leg then all L leg and rest 30 seconds between sets. 1. Split jump squat: https://www.youtube.com/watch?v=RtY9kyhuh5I 2. Squat jumps: https://www.youtube.com/shorts/IfqrxS_-8oU 3. Box step ups: https://www.youtube.com/shorts/QQWzfIATK1U 4. Front lounge: https://www.youtube.com/watch?v=g8-Ge9S0aUw 5. Incline explo push up: https://www.youtube.com/shorts/JKdK0sd55Io 6. Lat pull down: https://www.youtube.com/watch?v=JGeRYIZdojU","","","","","","","","","","","","","","","","","","","","","","","","","","","","","","","","","","","","","",""
"Lap Swimming","Swim","200 variados 100 m PB 100 m pies 20x50 m progresivo 1-4 c/1' (Z1 + Z2 + Z3 + Z4) 100 m suaves","","1500","2026-02-20","","900","","","","","0.307479165395101","0.808625336927224","","26","","122","152","","","0.910630805310691","23.22","","","","","","","","","","","","","","","","","","","","","",""
"Running","Run","","","","2026-02-20","","8388.3798828125","267","418","787.056","","0.8187016248703","2.84599995613098","","162","","132","152","","","1.15525393139298","107.95","","","","","","","","","","","0","0","0","0","3","46","0","","","","",""
"20' Z2 + 2 x 25' LT2 + 10' Z2","Bike","Series de 25min cadencia 65-75rpm bien acoplado","2.48333333333333","","2026-02-21","","58441.03125","135","450","1342.098","","2.75649547576904","5.88899993896484","","82","","150","183","","","0.722667759115562","143.85","","","","","","","","","","","33","25","14","28","15","5","0","","","","",""
"20-18-15-12' LT1","Run","T2","1.23333333333333","","2026-02-21","","7596.1298828125","289","422","711.853","","0.684032499790192","3.08500003814697","","164","","156","167","","","1.25340416500012","106.64","","","","","","","","","","","0","0","0","0","0","39","1","","","","3","5"
"4h incl. 2 x 30' D2 + 6 x (20'' MAX + 20' E1)","Bike","E1 y D2 siempre >90rpm","3.96666666666667","","2026-02-22","","74325.7265625","117","681","1420.011","","3.37663888931274","6.11399984359741","","88","","138","178","","","0.615323351676952","127.91","","","","","","","","","","","55","57","24","6","1","2","2","","","","",""
"Running","Run","","","","2026-02-22","","5012.08984375","298","439","463.58","","0.431611120700836","3.2260000705719","","166","","152","165","","","1.29804386966248","71.34","","","","","","","","","","","0","0","0","0","0","24","2","","","","",""
"Lap Swimming","Swim","400 variado 2x200m Aletes max. long braçada D.15"" 2x100m peus (50 F + 50S) 8x50 Técnica D.10"" 4x50 Z4/Z5 D.5"" 100 pies aletas 6x50 Z4/Z5 D.10"" 100 pies aletas 8x50 Z4/Z5 D.15"" 100 pies aletas 4x50 (25 apnea (sin aletas) + 25 Z3) D.20"" 150 PB + PG Z2 4x50 (25 apnea (sin aletes) + 25 Z3) D.20"" 150 PB + PG Z2 100 suave","1","3400","2026-02-23","","3050","","","","","0.992303890652127","0.848400556328234","","25","","116","160","","","0.956248280217156","86.77","","","","","","","","","","","","","","","","","","","","","",""
"10' LT1 + 10 x 500 @5km pace + 5' D2","Run","","1.14166666666667","","2026-02-24","","11188.8603515625","333","513","1036.023","","0.864033043384552","3.59699988365173","","172","","160","192","","","1.50867380652253","194.79","","","","","","","","","","","0","0","0","0","1","15","35","","","","4","5"
"1h Z1","Bike","","1","","2026-02-24","","21288.9296875","95","387","286.783","","0.839467227458954","7.04400014877319","","91","","136","153","","","0.427931610839102","15.21","","","","","","","","","","","16","4","0","0","0","0","0","","","","",""
"Lap Swimming","Swim","","","","2026-02-24","","2150","","","","","0.668305557568868","0.885137916838205","","24","","141","179","","","1.00087285121815","67.01","","","","","","","","","","","","","","","","","","","","","",""
"Lap Swimming","Swim","300 variados 8x50 palas progre 1-4 D.10"" 4x75m pies progre 1-3 + 4a suave D.15"" 4x50m Técnica D.10"" 1x400m PG Z3 D.30"" 2x200m Z3 D.20"" 100m suave 2x100 Z4/Z5 D.10"" 100m suave 400m (25 apnea nedant + 75m Z2) 100 Peus 100 suaus","1","3000","2026-02-25","","2100","","","","","0.720501658651564","0.807071483474251","","24","","110","146","","","0.906775613197147","53.72","","","","","","","","","","","","","","","","","","","","","",""
"Fuerza A","Strength","1. Movilidad general de cadera (4 ejercicios): 2 x 10r cada ejercicio 2.1. Sentadilla frontal a caja: 3 x 6r (que puedas hacer 12) 2.2. Press banca: 3 x 6r (que puedas hacer 12) 3.1 Split squat búlgaro: 3 x 8r/lado (que puedas hacer 12) 3.2. Pull down: 3 x 12r (que puedas hacer 18) 4.1 Sóleo: 3 x 6r (6s iso) 4.2. Triceps polea: 3 x 15r (que puedas hacer 20) 5.1. Tibial anterior: 3 x 12r 5.2 Pallof press half kneeling: 3 x 12r","0.75","","2026-02-25","Movilidad de cadera: https://www.youtube.com/shorts/Kkc1RQVGFgE","0","","","","","0.674448609352112","0","","","","92","134","","","0.560975151416285","23.27","","","","","","","","","","","","","","","","","","","","","",""
"4 x 8' LT1","Run","","1.01666666666667","","2026-02-26","","10174.740234375","307","434","1000.888","","0.904971122741699","3.12299990653992","","166","","149","167","","","1.33891046039848","160.94","","","","","","","","","","","0","0","0","0","1","9","44","","","","3","5"
"Lap Swimming","Swim","","","","2026-02-26","","1650","","","","","0.513063332968288","0.889967637540453","","26","","139","168","","","1.00052625153211","51.39","","","","","","","","","","","","","","","","","","","","","",""
"TEST BIKE","Bike","Conduce con el coche hasta un lugar adecuado: o un sitio llano sin coches, sin giros sin bajadas... o una subida tendida entre el 1-4%. Más inclinación no, ya que tendríamos problemas con cadencias bajas en los primeros intervalos. Cadencia: La cadencia de todos los intervalos debe ser superior a 80rpm Antes de llevar a cabo el test debes pesarte para calcular los W de cada serie (tienes watts por kg apuntados). 1) Laps 10' anotar los siguientes valores. Haz laps hasta sobrepasar los 4,5mmol/L, si llegas a 4,5 mmol/L antes de 3,6 W/kg paras antes, si no has llegado a 4,5 mmol/L a 3,6 W/kg sigues haciendo intervalos incrementando 0,3W/kg hasta sobrepasar la frontera de los 4,5 mmol/L. w/kg W LAC RPE HR 1,5 1,8 2,1 2,4 2,7 3 3,3 3,6 2) Haces 10min suave 3) 1' all out test - No se trata de hacer el mejor minuto total, sino saber cuantos W eres capaz de generar y cuanto tiempo eres capaz de sostenerlos. No te guardes nada, a puto tope desde el primer segundo. Saca muestra LAC 3' 6'","1.66666666666667","","2026-02-27","","41084.4609375","145","549","679.915","","1.30050301551819","8.77499961853027","","85","","142","189","","","0.754209863152745","73.5","","","","","","","","","","","21","22","7","13","4","1","1","","","","",""
"Lap Swimming","Swim","12x200m D.30"" 1+7 - Variado 2+8 - PG Z3 3+9 - Progre c/50m de Z1 a Z4 4+10 - Z2 mínimas brazadas 5+11 - Z2 respiración frontal cada 8 brazadas 6+12 - pies suave","0.75","2400","2026-02-27","Post test","1350","","","","","0.454539998372396","0.821167883211679","","24","","104","144","","","0.924011091441731","35.86","","","","","","","","","","","","","","","","","","","","","",""
"Running","Run","","","","2026-02-27","","4677.919921875","270","398","447.17","","0.458886653184891","2.83200001716614","","161","","131","165","","","1.18138569012944","62.75","","","","","","","","","","","0","0","0","0","2","19","7","","","","",""
"30' E1 + 4 x strides","Run","","0.616666666666667","","2026-02-28","","6279.740234375","267","541","594.302","","0.617061078548431","2.82699990272522","","163","","133","175","","","1.50699707195788","138.14","0","28","6","3","0","","","","","","0","0","0","0","0","36","","","","","3","5"
"1h Z1","Bike","","1","","2026-02-28","","23100.66015625","103","370","336.258","","0.908938348293304","7.05999994277954","","91","","126","140","","","0.578799571867906","30.17","0","53","2","0","0","","","","","","22","25","2","1","0","0","","","","","",""
"5km WU protocol","Run","","0.338888888888889","","2026-03-01","","3392.7099609375","306","482","322.044","","0.291488081216812","3.23300004005432","","165","","144","177","","","1.72324124314988","84.32","1","2","10","4","0","","","","","","0","0","0","0","0","16","","","","","1","5"
"5km UniRun","Run","Sal con cabeza!","","10000","2026-03-01","","5056.66015625","404","514","438.098","","0.301112234592438","4.66499996185303","","182","","189","194","","","2.23100292986758","145.85","0","0","0","0","17","","","","","","0","0","0","0","0","17","","","","","",""
"10' cool down","Run","","0.166666666666667","","2026-03-01","","2008.42004394531","228","444","187.184","","0.227197498083115","2.45600008964539","","158","","104","126","","","1.3093448149095","38.38","9","4","0","0","0","","","","","","0","0","0","2","2","9","","","","","",""
"10' D2 + 6 x 10' extensive LT2","Bike","easy LT2 blocks aim is 2.0-3.0 mmol aim2: maximize speed/power ratio","2.2","","2026-03-02","En las series cadencia no puede ir inferior a 80rpm (ideal 85-90)","46103.46875","124","361","827.713"," *03/05/2026 David Sabat: 4a serie 1.0mmol 5a 1.3 mmol*","2.09068608283997","6.12599992752075","","89","","132","160","","","0.740082067354576","100.89","6","42","58","7","0","","","","","","16","31","36","12","2","1","","","","","",""
"Strenght endurance","Strength","Hip mobility 1.1 Horizontal press bilateral: 3 x 15r 1.2 Incline push ups: 3 x 15r 2.1 Leg extension: 3 x 15r 2.2 Dumbell military press seated: 3 x 15r 3.1 Hamstring curl: 3 x 15r 3.2 Tricep extension: 3 x 15r 4. Calf raises standing: 3 x 12r 5. Lateral plank: 3 x 25s 6. Hollow body hold: 3 x 25s","0.833333333333333","","2026-03-02","Post bike","","","","","","","","","","","","","","","","","","","","","","","","","","","","","","","","","","","","","",""
"Lap Swimming","Swim","","","","2026-03-02","","1325","","","","","0.433562502331204","0.845025510204082","","25","","119","144","","","0.95077923022808","37.26","8","13","5","0","0","","","","","","","","","","","","","","","","",""
"50' E2 + 6 x strides","Run","","1","","2026-03-03","","","","","","","","","","","","","","","","","","","","","","","","","","","","","","","","","","","","","","",""
"Walking","Walk","","","","2026-03-03","","2185.580078125","","","","","1.0041800737381","0.605000019073486","","1","","57","94","","","0.0989806232348497","1.09","4","0","0","0","0","","","","","","","","","","","","","","","","",""
"1h E2","Run","","1","","2026-03-04","","","","","","","","","","","","","","","","","","","","","","","","","","","","","","","","","","","","","","",""
"","Swim","200 variats 300 PB + Pp Z2 600 PG Z2 300 SNK + Aletes Focus long. braçada 200 Peus aletes bilateral c/50m 4x25m apnea D.20"" 200 estils (25 c/estil) 100 suaus","","2000","2026-03-04","","","","","","","","","","","","","","","","","","","","","","","","","","","","","","","","","","","","","","",""
"Walking","Walk","","","","2026-03-04","","749.419982910156","","","","","0.260055273771286","0.800000011920929","","13","","80","93","","","0.17434561970807","0.85","10","0","0","0","0","","","","","","","","","","","","","","","","",""
"Walking","Walk","","","","2026-03-04","","749.42","","","","","0.26","0.799999974400001","","13","","80","93","","","0.17434561970807","0.85","10","0","0","0","0","","","","","","","","","","","","","","","","",""
"1h30-2h zona1","Bike","Post test Trata de rodar 85-95rpm","1.75","","2026-03-05","","","","","","","","","","","","","","","","","","","","","","","","","","","","","","","","","","","","","","",""
"15 x 10'' CadMax","Bike","15 x 10s aceleraciones cadencia >120rpm sentado","2.04166666666667","","2026-03-06","","0","89","349","538.032","","1.67057466506958","0","","87","","138","157","","","0.514644110833337","44.19","0","32","67","1","0","","","","","","54","9","1","0","0","2","","","","","",""
"Fuerza resistencia","Strength","1. Movilidad cadera 2. Prensa horizontal: 3 x 15r 3. Maquina patada de gluteo: 3 x 15r 4. Extensiones: 3 x 15r 5. Curl isquio: 3 x 15r 6. Abducciones de cadera polea unilateral: 3 x 12r","0.666666666666667","","2026-03-07","","","","","","","","","","","","","","","","","","","","","","","","","","","","","","","","","","","","","","",""
"4 x 25' LT1 blocks","Bike","","2.53333333333333","","2026-03-08","Trata de rodar 85-95rpm","","","",""," *03/08/2026 David Sabat: 1a 2.2mmol (algo pasado bajo intensidad de n las siguientes pero el cuerpo me pide los mismos watts que en la 1-a, haciendo que en las restantes mantenga mismos watts q en la primera pero a menos fc bajando LAC) 2a 1.7mmol estoy intentando subir el entreno porque se ha hecho con zwift*","","","","","","","","","","","","","","","","","","","","","","","","","","","","","","","","",""
"1h15' D2","Bike","","1.75","","2026-03-09","","","","","","","","","","","","","","","","","","","","","","","","","","","","","","","","","","","","","","",""
"15 x 10'' CadMax","Bike","15 x 10s aceleraciones cadencia >120rpm sentado","1.79166666666667","","2026-03-10","","","","","","","","","","","","","","","","","","","","","","","","","","","","","","","","","","","","","","",""
"4 x 30' LT1","Bike","Hoy me movería sobre 150w en las primeras series e ir progresando hacia 155w si feeling es bueno","2.7","","2026-03-11","Trata de rodar 85-95rpm","","","","","","","","","","","","","","","","","","","","","","","","","","","","","","","","","","","","","",""
"Rest day","Day Off","Pilates o movilidad ok Este video esta bien pero habrá cosas que aún no podrás hacer seguramente: https://www.youtube.com/watch?v=kRXXGA6XLeY","","","2026-03-12","","","","","","","","","","","","","","","","","","","","","","","","","","","","","","","","","","","","","","",""
"1h30' D2","Bike","","2","","2026-03-13","","","","","","","","","","","","","","","","","","","","","","","","","","","","","","","","","","","","","","",""
"15 x 10'' CadMax","Bike","15 x 10s aceleraciones cadencia >120rpm sentado","1.79166666666667","","2026-03-14","","","","","","","","","","","","","","","","","","","","","","","","","","","","","","","","","","","","","","",""
"3 x 40' LT1","Bike","Hoy me movería sobre 150w en las primeras series e ir progresando hacia 155w si feeling es bueno","2.7","","2026-03-15","Trata de rodar 85-95rpm","","","","","","","","","","","","","","","","","","","","","","","","","","","","","","","","","","","","","",""
"Rest day","Day Off","Pilates o movilidad ok Este video esta bien pero habrá cosas que aún no podrás hacer seguramente: https://www.youtube.com/watch?v=kRXXGA6XLeY","","","2026-03-16","","","","","","","","","","","","","","","","","","","","","","","","","","","","","","","","","","","","","","",""
